insert into users (id, first_name, last_name, phone, email, password, city, address, zip, babysitter, bio, has_first_aid, has_police_check, photo) values (1, 'Eva', 'Showen', '+62 814 985 5627', 'tshowen0@edublogs.org', 'flHKgjPm1d', 'Coquitlam', '3 Dennis Alley', 'V2U 8H6', false, 'reinvent clicks-and-mortar portals', false, true, 'implement open-source networks');
insert into users (id, first_name, last_name, phone, email, password, city, address, zip, babysitter, bio, has_first_aid, has_police_check, photo) values (2, 'Kaela', 'Artin', '+55 599 272 5572', 'kartin6@guardian.co.uk', 'odsXGV7G', 'Coquitlam', '1919 Sherman Terrace', 'V2U 8H6', false, 'utilize real-time paradigms', false, false, 'morph killer action-items');
insert into users (id, first_name, last_name, phone, email, password, city, address, zip, babysitter, bio, has_first_aid, has_police_check, photo) values (3, 'Carlyn', 'Wordsley', '+55 625 160 8903', 'cwordsleyb@nature.com', 'OwDY2zxL7Mtu', 'Burnaby', '8585 Westridge Road', 'V2U 8H6', false, 'innovate rich communities', true, true, 'productize scalable e-markets');
insert into users (id, first_name, last_name, phone, email, password, city, address, zip, babysitter, bio, has_first_aid, has_police_check, photo) values (4, 'Hart', 'Dominguez', '+30 788 657 2048', 'hdominguezc@wix.com', 'k0ZdizRpN', 'Burnaby', '7 Kingsford Drive', 'V2U 8H6', false, 'whiteboard integrated e-markets', true, false, '');
insert into users (id, first_name, last_name, phone, email, password, city, address, zip, babysitter, bio, has_first_aid, has_police_check, photo) values (5, 'Vince', 'Vasyukhnov', '+886 368 572 4858', 'vvasyukhnovd@ihg.com', 'mIXZx3AwpEPH', 'Burnaby', '7 Butterfield Court', 'V2U 8H6', false, 'orchestrate next-generation ROI', true, true, '');
insert into users (id, first_name, last_name, phone, email, password, city, address, zip, babysitter, bio, has_first_aid, has_police_check, photo) values (6, 'Sobina', 'Crose', '+16047156745', 'jcrose1@simplemachines.org', 'NSwmlYS30QuI', 'Coquitlam', '24 Caliangt Parkway', 'V2U 8Y6', true, 'My name is Sobina , I am 20 years old. I have five nieces and nephews all under the ages of four. For the first 2 years of their lives I played a huge roll in raising one of my nieces and one of my nephews. I started babysitting two boys ages one and three at twelves years old, was their babysitter for two years. I have my First aid level three certification, I also have my Class 7 drivers license (N) so limited to passengers.', true, false, 'https://image.shutterstock.com/image-photo/young-african-american-woman-standing-600w-1668825967.jpg');
insert into users (id, first_name, last_name, phone, email, password, city, address, zip, babysitter, bio, has_first_aid, has_police_check, photo) values (7, 'Merrielle', 'Hendriks', '+380 456 747 8513', 'mhendriks2@wordpress.com', 'on0qIpeN', 'Port Coquitlam', '0375 Scoville Way', 'V8U 8H6', true, 'My name is Merrielle and I am 28 years old. I learned in my late teens that children are my passion. Growing up I baby sat for families in my neighbourhood and during my dance training I was a teachers assistant for 4 years working with kinder dance classes. After graduating I was hired by Dunbar Community Centre to teach dance classes on Saturday mornings. I was working with young children between the ages of 1-7 in these classes. Your children will be my priority. I understand being reliable and having time management is of the utmost importance. I have my own car and am more than willing to drive where I need to go.', true, true, 'https://image.shutterstock.com/image-photo/young-chinese-woman-wearing-turtleneck-600w-1571480824.jpg');
insert into users (id, first_name, last_name, phone, email, password, city, address, zip, babysitter, bio, has_first_aid, has_police_check, photo) values (8, 'Anna', 'Durand', '+86 898 150 6598', 'ddurand3@ox.ac.uk', 'BOP87K', 'Burnaby', '3096 Merchant Center', 'V2U 8H6', true, 'Hello! My name is Anna, a teacher-psychologist by profession. I often spend time and play with the children of relatives and close friends (from one month to 12 years). I try to spend my free time usefully. I love walking in the fresh air. I am fond of sewing, modeling, drawing, I like to collect puzzles and read. Ready to work with babies. I have a good experience of working with special children', true, false, 'https://image.shutterstock.com/image-photo/senior-greyhaired-woman-wearing-striped-600w-1543963523.jpg');
insert into users (id, first_name, last_name, phone, email, password, city, address, zip, babysitter, bio, has_first_aid, has_police_check, photo) values (9, 'Lauri', 'Coniff', '+86 766 928 4553', 'lconiff4@shutterfly.com', 'VID4VU', 'Port Coquitlam', '38 Hollow Ridge Park', 'V2U 8H6', true, 'My name is Lauri, I am 22 years old. I graduated from the construction college in 2020, and now I am studying at the UBC University of Civil Engineering. I like to spend my free time with friends and play sports. I spend time with my brother, as well as my nephew, who is now 11 months old, so I get along well with babies.', true, true, 'https://image.shutterstock.com/image-photo/young-beautiful-brunette-woman-wearing-600w-1696525717.jpg');
insert into users (id, first_name, last_name, phone, email, password, city, address, zip, babysitter, bio, has_first_aid, has_police_check, photo) values (10, 'Cristie', 'Owen', '+86 249 267 7765', 'cowen5@paginegialle.it', 'TMbZOkc8', 'Coquitlam', '8068 Esker Place', 'V2U 8H6', true, 'Hello, dear parents! My name is Christie, I am 25 years old. I have experience working with children - I worked as a taekwondo coach at a sports school, a counselor at a summer camp, a kindergarten teacher, looked after my brothers and sisters. There is also a little experience with babies (goddaughter).', true, false, 'https://image.shutterstock.com/image-photo/young-black-woman-braids-wearing-600w-1865182558.jpg');
insert into users (id, first_name, last_name, phone, email, password, city, address, zip, babysitter, bio, has_first_aid, has_police_check, photo) values (11, 'Lamara', 'McIlreavy', '+86 210 722 4686', 'lmcilreavy8@tinypic.com', 'lqw6TmdmSnG', 'Port Coquitlam', '61 Lyons Plaza', 'V2U 8H6', true, 'Hello! My name is Lamara, I am 24 years old. Work experience: 1 year worked as a nanny with a 3-year-old child, also hung out with nephews and nieces since their birth. I love dynamism and a diverse approach to everything. I am ready to actively spend time with your child, playing outdoor games, and calmly draw, read books, play board games. The desire to spend more time with children was the main reason for choosing to work as a babysitter.', true, true, 'https://image.shutterstock.com/image-photo/young-brunette-woman-wearing-casual-600w-1874800516.jpg');
insert into users (id, first_name, last_name, phone, email, password, city, address, zip, babysitter, bio, has_first_aid, has_police_check, photo) values (12, 'Miko', 'Trendle', '+84 575 555 3962', 'ztrendle9@woothemes.com', 'RCfh2auwe', 'Port Coquitlam', '9 Spenser Alley', 'V2U 8H6', true, 'I am Miko, I am 20 years old. I am studying at a medical college. In my free time I like to spend time in nature (walking in parks), I am fond of psychological literature. I have extensive experience working with children. I often stayed with the children of my friends, the age of the children mostly ranged from 3-6 months to 12 years.', true, false, 'https://image.shutterstock.com/image-photo/young-asian-woman-wearing-casual-600w-1874719606.jpg');
insert into users (id, first_name, last_name, phone, email, password, city, address, zip, babysitter, bio, has_first_aid, has_police_check, photo) values (13, 'Martina', 'Dairton', '+86 951 918 1869', 'mdairtona@goodreads.com', 'sz6YFX4er', 'Port Coquitlam', '2 Aberg Place', 'V2U 8H6', true, 'Hello! My name is Martina. At the moment I am studying at Langara College and Arts in the choreographic direction. I have experience working with children. Often looked after nephews and friends children, and also introduced children dance groups (4-9 years old).', true, false, 'https://image.shutterstock.com/image-photo/chinese-woman-wearing-casual-tshirt-600w-1530741143.jpg');
insert into users (id, first_name, last_name, phone, email, password, city, address, zip, babysitter, bio, has_first_aid, has_police_check, photo) values (14, 'Asya', 'L''Hommee', '+372 795 723 6111', 'klhommeee@weebly.com', 'xScuu3QPwzaR', 'Burnaby', '69 Brentwood Circle', 'V2U 8H6', true, 'Hello, dear parents!My name is Asya, I am 19 years old.I am studying at TSU with a degree in Linguistics. I have experience working with children, as I looked after my younger brother and sister. For some time she was a tutor for preschool and school-age children. With your child, I can play various games, draw, read, do homework, take a walk, feed and put to bed.', true, false, 'https://image.shutterstock.com/image-photo/young-blonde-woman-wearing-casual-600w-1913299138.jpg');
insert into users (id, first_name, last_name, phone, email, password, city, address, zip, babysitter, bio, has_first_aid, has_police_check, photo) values (15, 'Knoxy', 'Zellick', '+46 195 359 4937', 'kzellickf@yolasite.com', '510hfQgDx', 'Burnaby', '6 Pine View Avenue', 'V2U 8H6', true, 'I am a student of UBC, specialty speech pathologist-speech therapist. I am fond of movies, reading fiction and poetry (if you need to prepare a poem for kindergarten, school, holiday, I will be happy to help). Taking into account all the features and interests of your child and recommendations to parents, we will play interesting games, eat, walk, do crafts and even homework (to kindergarten or school). I can pick up your child from the section or from school', true, true, 'https://image.shutterstock.com/image-photo/young-beautiful-hispanic-woman-wearing-600w-1812277708.jpg');
insert into users (id, first_name, last_name, phone, email, password, city, address, zip, babysitter, bio, has_first_aid, has_police_check, photo) values (16, 'Mariya', 'Poyser', '+86 495 925 2243', 'mpoyserq@imageshack.us', 'd3JL8MR2ND5', 'Coquitlam', '68 Boyd Court', 'V2U 8H6', true, 'My name is Mariya and I am a babysitter! I am 19 years old. I am studying in the 2nd year of VCC in Obstetrics. Ready to travel to any point. In my free time I like to read books, swim, stretch. I can have a lot of fun with your child. We will play, dance, draw, walk. I can pick him/her up from school or a section, kindergarten. Experience working with children: I have a skill in raising my niece for 5 years, since birth I have been helping my sister with her. I also had an internship and then a job in a maternity hospital for about 4 months and was taught how to care for babies.', true, false, 'https://image.shutterstock.com/image-photo/young-brunette-woman-wearing-casual-600w-1914125059.jpg');
insert into users (id, first_name, last_name, phone, email, password, city, address, zip, babysitter, bio, has_first_aid, has_police_check, photo) values (17, 'Kerrin', 'Jerzykiewicz', '+86 724 311 7867', 'kjerzykiewiczs@google.ru', 'adDLsxcP3GFv', 'Port Coquitlam', '7 Dryden Parkway', 'V2U 8H6', true, 'My name is Kerrin, 22 years old. I am a 3rd year student of SFU. I like to do active sports, long walks. I will be glad to play board games with your child, collect puzzles, lego, draw, as well as take a walk. I have a lot of experience looking after children, because I myself come from a large family. I often had to stay with young children, where I was only happy to spend time with them. My love for children pushed me to become a babysitter, as well as the fact that I can easily make friends with any child and find a joint occupation.', true, false, 'https://image.shutterstock.com/image-photo/young-handsome-man-wearing-casual-600w-1696726210.jpg');
insert into users (id, first_name, last_name, phone, email, password, city, address, zip, babysitter, bio, has_first_aid, has_police_check, photo) values (18, 'Hugo', 'Jozsika', '+81 417 284 8067', 'hjozsikat@reuters.com', 'KgP85f4', 'Port Coquitlam', '79825 Burning Wood Junction', 'V2U 8H6', true, 'My name is Hugo, I am 19 years old, I study at SFU as a teacher of physical culture. I am ready to work with children from 5 years old. There is a younger sister, I have been hanging out with her since I was born. He also had an internship at a children school. I love children. We can play mobile and quiet games with your child, do exercises or do physical education, as well as do modeling and drawing. I work as a baby sitter, as it is a useful experience in communicating with children, a free schedule that does not interfere with my studies.', true, true, 'https://image.shutterstock.com/image-photo/young-african-american-man-wearing-600w-2029465580.jpg');


insert into languages (id, language) values (1, 'English');
insert into languages (id, language) values (2, 'Mandarin');
insert into languages (id, language) values (3, 'French');
insert into languages (id, language) values (4, 'Spanish');
insert into languages (id, language) values (5, 'Farsi');
insert into languages (id, language) values (6, 'Russian');
insert into languages (id, language) values (7, 'Punjabi');

insert into age_groups (id, age_group) values (1, 'infants');
insert into age_groups (id, age_group) values (2, 'toddler');
insert into age_groups (id, age_group) values (3, 'schoolage');

insert into activities (id, activity) values (1, 'pet care');
insert into activities (id, activity) values (2, 'pick up/ drop off');
insert into activities (id, activity) values (3, 'arts craft');
insert into activities (id, activity) values (4, 'outside activities');
insert into activities (id, activity) values (5, 'swim supervision');
insert into activities (id, activity) values (6, 'overnight nanny');


insert into orders (parent_id, sitter_id, status, date, start_time, end_time, hours, num_of_kids, address, contact_phone, comment) values (4, 7, 'completed', '2021/08/27', '12:00', '14:00', 2, 1, '3203 Moulton Road', '568-104-6762', 'Suspendisse potenti. In eleifend quam a odio. In hac habitasse platea dictumst.');
insert into orders (parent_id, sitter_id, status, date, start_time, end_time, hours, num_of_kids, address, contact_phone, comment) values (2, 11, 'completed', '2021/05/20', '15:00', '18:00', 3, 1, '4 Pawling Center', '817-895-4324', 'Integer a nibh. In quis justo. Maecenas rhoncus aliquam lacus. Morbi quis tortor id nulla ultrices aliquet.');
insert into orders (parent_id, sitter_id, status, date, start_time, end_time, hours, num_of_kids, address, contact_phone, comment) values (4, 17, 'completed', '2020/08/17', '10:00', '11:00', 1, 1, '263 Redwing Way', '775-876-9795', 'Duis bibendum, felis sed interdum venenatis, turpis enim blandit mi, in porttitor pede justo eu massa. Donec dapibus. Duis at velit eu est congue elementum. In hac habitasse platea dictumst.');
insert into orders (parent_id, sitter_id, status, date, start_time, end_time, hours, num_of_kids, address, contact_phone, comment) values (3, 15, 'completed', '2021/07/09', '18:00', '19:00', 1, 2, '86276 Laurel Street', '188-335-8488', 'Vestibulum ante ipsum primis in faucibus orci luctus et ultrices posuere cubilia Curae; Duis faucibus accumsan odio. Curabitur convallis. Duis consequat dui nec nisi volutpat eleifend.');
insert into orders (parent_id, sitter_id, status, date, start_time, end_time, hours, num_of_kids, address, contact_phone, comment) values (2, 17, 'completed', '2021/02/18', '10:00', '14:00', 4, 2, '5 Loftsgordon Terrace', '726-259-6248', 'Donec odio justo, sollicitudin ut, suscipit a, feugiat et, eros. Vestibulum ac est lacinia nisi venenatis tristique. Fusce congue, diam id ornare imperdiet, sapien urna pretium nisl, ut volutpat sapien arcu sed augue. Aliquam erat volutpat.');
insert into orders (parent_id, sitter_id, status, date, start_time, end_time, hours, num_of_kids, address, contact_phone, comment) values (3, 7, 'completed', '2021/08/16', '16:00', '18:00', 2, 2, '44125 Eastlawn Point', '708-922-6917', 'Pellentesque at nulla. Suspendisse potenti. Cras in purus eu magna vulputate luctus.');
insert into orders (parent_id, sitter_id, status, date, start_time, end_time, hours, num_of_kids, address, contact_phone, comment) values (2, 8, 'completed', '2020/12/21', '14:00', '17:00', 3, 3, '2 Carberry Circle', '355-285-9350', 'Vivamus vestibulum sagittis sapien. Cum sociis natoque penatibus et magnis dis parturient montes, nascetur ridiculus mus.');
insert into orders (parent_id, sitter_id, status, date, start_time, end_time, hours, num_of_kids, address, contact_phone, comment) values (4, 7, 'completed', '2021/01/24', '08:00', '11:00', 3, 2, '73702 Loftsgordon Lane', '249-207-2794', 'Aliquam non mauris. Morbi non lectus. Aliquam sit amet diam in magna bibendum imperdiet. Nullam orci pede, venenatis non, sodales sed, tincidunt eu, felis.');
insert into orders (parent_id, sitter_id, status, date, start_time, end_time, hours, num_of_kids, address, contact_phone, comment) values (5, 17, 'completed', '2021/07/05', '14:00', '15:00', 3, 1, '9701 Barby Junction', '536-241-2232', 'Suspendisse accumsan tortor quis turpis. Sed ante.');
insert into orders (parent_id, sitter_id, status, date, start_time, end_time, hours, num_of_kids, address, contact_phone, comment) values (3, 8, 'completed', '2021/03/15', '06:00', '10:00', 4, 1, '75 Karstens Circle', '904-762-2819', 'Phasellus id sapien in sapien iaculis congue. Vivamus metus arcu, adipiscing molestie, hendrerit at, vulputate vitae, nisl. Aenean lectus.');
insert into orders (parent_id, sitter_id, status, date, start_time, end_time, hours, num_of_kids, address, contact_phone, comment) values (4, 11, 'completed', '2020/12/30', '18:00', '21:00', 3, 1, '5238 Little Fleur Point', '711-946-8472', 'Quisque porta volutpat erat. Quisque erat eros, viverra eget, congue eget, semper rutrum, nulla. Nunc purus. Phasellus in felis.');
insert into orders (parent_id, sitter_id, status, date, start_time, end_time, hours, num_of_kids, address, contact_phone, comment) values (2, 13, 'completed', '2020/12/06', '15:00', '16:00', 1, 2, '30 Fair Oaks Crossing', '967-267-7671', 'Integer tincidunt ante vel ipsum. Praesent blandit lacinia erat. Vestibulum sed magna at nunc commodo placerat.');
insert into orders (parent_id, sitter_id, status, date, start_time, end_time, hours, num_of_kids, address, contact_phone, comment) values (4, 7, 'completed', '2020/08/21', '17:00', '19:00', 2, 1, '824 Kennedy Drive', '477-183-3993', 'Maecenas pulvinar lobortis est. Phasellus sit amet erat. Nulla tempus. Vivamus in felis eu sapien cursus vestibulum.');
insert into orders (parent_id, sitter_id, status, date, start_time, end_time, hours, num_of_kids, address, contact_phone, comment) values (1, 14, 'completed', '2021/02/20', '18:00', '19:00', 1, 2, '20609 Buena Vista Avenue', '151-829-2026', 'In hac habitasse platea dictumst. Etiam faucibus cursus urna. Ut tellus. Nulla ut erat id mauris vulputate elementum.');
insert into orders (parent_id, sitter_id, status, date, start_time, end_time, hours, num_of_kids, address, contact_phone, comment) values (5, 13, 'completed', '2020/11/03', '16:00', '20:00', 4, 2, '58942 Merry Trail', '576-674-1490', 'Vestibulum ante ipsum primis in faucibus orci luctus et ultrices posuere cubilia Curae; Duis faucibus accumsan odio. Curabitur convallis. Duis consequat dui nec nisi volutpat eleifend.');
insert into orders (parent_id, sitter_id, status, date, start_time, end_time, hours, num_of_kids, address, contact_phone, comment) values (2, 18, 'completed', '2021/04/03', '15:00', '16:00', 1, 3, '7395 Kingsford Center', '704-124-8721', 'Maecenas leo odio, condimentum id, luctus nec, molestie sed, justo. Pellentesque viverra pede ac diam.');
insert into orders (parent_id, sitter_id, status, date, start_time, end_time, hours, num_of_kids, address, contact_phone, comment) values (5, 16, 'completed', '2020/10/16', '11:00', '14:00', 3, 2, '573 Sloan Terrace', '332-135-7525', 'Integer non velit. Donec diam neque, vestibulum eget, vulputate ut, ultrices vel, augue. Vestibulum ante ipsum primis in faucibus orci luctus et ultrices posuere cubilia Curae; Donec pharetra, magna vestibulum aliquet ultrices, erat tortor sollicitudin mi, sit amet lobortis sapien sapien non mi.');
insert into orders (parent_id, sitter_id, status, date, start_time, end_time, hours, num_of_kids, address, contact_phone, comment) values (2, 13, 'completed', '2021/06/14', '15:00', '19:00', 4, 3, '7 Farmco Drive', '761-739-2499', 'Ut at dolor quis odio consequat varius.');
insert into orders (parent_id, sitter_id, status, date, start_time, end_time, hours, num_of_kids, address, contact_phone, comment) values (5, 14, 'completed', '2021/06/15', '11:00', '13:00', 2, 1, '9 Kinsman Center', '400-326-8163', 'Vestibulum quam sapien, varius ut, blandit non, interdum in, ante. Vestibulum ante ipsum primis in faucibus orci luctus et ultrices posuere cubilia Curae; Duis faucibus accumsan odio.');
insert into orders (parent_id, sitter_id, status, date, start_time, end_time, hours, num_of_kids, address, contact_phone, comment) values (5, 9, 'completed', '2021/07/23', '17:00', '18:00', 1, 2, '28 Tomscot Trail', '225-761-3406', 'Cras non velit nec nisi vulputate nonummy. Maecenas tincidunt lacus at velit. Vivamus vel nulla eget eros elementum pellentesque. Quisque porta volutpat erat.');
insert into orders (parent_id, sitter_id, status, date, start_time, end_time, hours, num_of_kids, address, contact_phone, comment) values (1, 6, 'completed', '2021/04/16', '12:00', '16:00', 4, 3, '8409 Annamark Court', '357-123-5188', 'Maecenas rhoncus aliquam lacus. Morbi quis tortor id nulla ultrices aliquet.');
insert into orders (parent_id, sitter_id, status, date, start_time, end_time, hours, num_of_kids, address, contact_phone, comment) values (4, 9, 'completed', '2021/07/08', '14:00', '16:00', 2, 2, '9360 Oneill Alley', '326-917-6573', 'Aliquam sit amet diam in magna bibendum imperdiet. Nullam orci pede, venenatis non, sodales sed, tincidunt eu, felis.');
insert into orders (parent_id, sitter_id, status, date, start_time, end_time, hours, num_of_kids, address, contact_phone, comment) values (1, 16, 'completed', '2020/09/29', '18:00', '19:00', 1, 1, '482 Stone Corner Parkway', '210-440-4803', 'Morbi porttitor lorem id ligula. Suspendisse ornare consequat lectus.');
insert into orders (parent_id, sitter_id, status, date, start_time, end_time, hours, num_of_kids, address, contact_phone, comment) values (3, 8, 'completed', '2021/06/13', '12:00', '13:00', 1, 2, '681 Hanson Point', '157-653-5904', 'Donec vitae nisi. Nam ultrices, libero non mattis pulvinar, nulla pede ullamcorper augue, a suscipit nulla elit ac nulla. Sed vel enim sit amet nunc viverra dapibus.');
insert into orders (parent_id, sitter_id, status, date, start_time, end_time, hours, num_of_kids, address, contact_phone, comment) values (5, 6, 'completed', '2021/07/09', '14:00', '16:00', 2, 1, '46742 Bartillon Crossing', '865-728-6169', 'Fusce posuere felis sed lacus. Morbi sem mauris, laoreet ut, rhoncus aliquet, pulvinar sed, nisl.');
insert into orders (parent_id, sitter_id, status, date, start_time, end_time, hours, num_of_kids, address, contact_phone, comment) values (1, 10, 'completed', '2020/10/22', '14:00', '18:00', 4, 3, '35 Manufacturers Pass', '595-170-2294', 'Integer pede justo, lacinia eget, tincidunt eget, tempus vel, pede. Morbi porttitor lorem id ligula. Suspendisse ornare consequat lectus. In est risus, auctor sed, tristique in, tempus sit amet, sem.');
insert into orders (parent_id, sitter_id, status, date, start_time, end_time, hours, num_of_kids, address, contact_phone, comment) values (1, 18, 'completed', '2020/12/14', '16:00', '20:00', 4, 2, '17 Prairieview Drive', '120-424-1440', 'Integer ac neque. Duis bibendum.');
insert into orders (parent_id, sitter_id, status, date, start_time, end_time, hours, num_of_kids, address, contact_phone, comment) values (4, 13, 'completed', '2021/05/22', '14:00', '15:00', 1, 2, '649 Golden Leaf Point', '553-799-5360', 'In hac habitasse platea dictumst.');
insert into orders (parent_id, sitter_id, status, date, start_time, end_time, hours, num_of_kids, address, contact_phone, comment) values (2, 16, 'completed', '2021/06/23', '15:00', '16:00', 1, 2, '0 Roxbury Way', '871-582-9567', 'Praesent lectus. Vestibulum quam sapien, varius ut, blandit non, interdum in, ante. Vestibulum ante ipsum primis in faucibus orci luctus et ultrices posuere cubilia Curae; Duis faucibus accumsan odio.');
insert into orders (parent_id, sitter_id, status, date, start_time, end_time, hours, num_of_kids, address, contact_phone, comment) values (1, 7, 'completed', '2021/10/18', '15:00', '19:00', 4, 3, '2812 Ludington Parkway', '914-391-3917', 'Mauris ullamcorper purus sit amet nulla. Quisque arcu libero, rutrum ac, lobortis vel, dapibus at, diam.');
insert into orders (parent_id, sitter_id, status, date, start_time, end_time, hours, num_of_kids, address, contact_phone, comment) values (3, 18, 'completed', '2021/08/22', '10:00', '12:00', 2, 1, '230 Vidon Road', '964-279-9144', 'Donec dapibus. Duis at velit eu est congue elementum. In hac habitasse platea dictumst.');
insert into orders (parent_id, sitter_id, status, date, start_time, end_time, hours, num_of_kids, address, contact_phone, comment) values (5, 9, 'completed', '2020/08/06', '12:00', '15:00', 3, 2, '7272 Novick Center', '808-209-8029', 'Quisque id justo sit amet sapien dignissim vestibulum. Vestibulum ante ipsum primis in faucibus orci luctus et ultrices posuere cubilia Curae; Nulla dapibus dolor vel est.');
insert into orders (parent_id, sitter_id, status, date, start_time, end_time, hours, num_of_kids, address, contact_phone, comment) values (2, 11, 'completed', '2021/02/28', '11:00', '12:00', 1, 2, '07 Talmadge Hill', '953-826-2731', 'Donec odio justo, sollicitudin ut, suscipit a, feugiat et, eros.');
insert into orders (parent_id, sitter_id, status, date, start_time, end_time, hours, num_of_kids, address, contact_phone, comment) values (2, 15, 'completed', '2020/10/08', '10:00', '14:00', 4, 3, '27725 Upham Pass', '816-558-4437', '');
insert into orders (parent_id, sitter_id, status, date, start_time, end_time, hours, num_of_kids, address, contact_phone, comment) values (1, 10, 'completed', '2021/01/21', '16:00', '18:00', 2, 3, '54 Barby Hill', '479-911-5474', '');
insert into orders (parent_id, sitter_id, status, date, start_time, end_time, hours, num_of_kids, address, contact_phone, comment) values (1, 15, 'completed', '2021/08/27', '12:00', '14:00', 2, 1, '3203 Moulton Road', '568-104-6762', 'Suspendisse potenti. In eleifend quam a odio. In hac habitasse platea dictumst.');
insert into orders (parent_id, sitter_id, status, date, start_time, end_time, hours, num_of_kids, address, contact_phone, comment) values (3, 14, 'completed', '2021/05/20', '15:00', '18:00', 3, 1, '4 Pawling Center', '817-895-4324', 'Integer a nibh. In quis justo. Maecenas rhoncus aliquam lacus. Morbi quis tortor id nulla ultrices aliquet.');
insert into orders (parent_id, sitter_id, status, date, start_time, end_time, hours, num_of_kids, address, contact_phone, comment) values (1, 11, 'completed', '2020/08/17', '10:00', '11:00', 1, 1, '263 Redwing Way', '775-876-9795', 'Duis bibendum, felis sed interdum venenatis, turpis enim blandit mi, in porttitor pede justo eu massa. Donec dapibus. Duis at velit eu est congue elementum. In hac habitasse platea dictumst.');
insert into orders (parent_id, sitter_id, status, date, start_time, end_time, hours, num_of_kids, address, contact_phone, comment) values (2, 10, 'completed', '2021/07/09', '18:00', '19:00', 1, 2, '86276 Laurel Street', '188-335-8488', 'Vestibulum ante ipsum primis in faucibus orci luctus et ultrices posuere cubilia Curae; Duis faucibus accumsan odio. Curabitur convallis. Duis consequat dui nec nisi volutpat eleifend.');
insert into orders (parent_id, sitter_id, status, date, start_time, end_time, hours, num_of_kids, address, contact_phone, comment) values (1, 13, 'completed', '2021/02/18', '10:00', '14:00', 4, 2, '5 Loftsgordon Terrace', '726-259-6248', 'Donec odio justo, sollicitudin ut, suscipit a, feugiat et, eros. Vestibulum ac est lacinia nisi venenatis tristique. Fusce congue, diam id ornare imperdiet, sapien urna pretium nisl, ut volutpat sapien arcu sed augue. Aliquam erat volutpat.');
insert into orders (parent_id, sitter_id, status, date, start_time, end_time, hours, num_of_kids, address, contact_phone, comment) values (2, 6, 'completed', '2021/08/16', '16:00', '18:00', 2, 2, '44125 Eastlawn Point', '708-922-6917', 'Pellentesque at nulla. Suspendisse potenti. Cras in purus eu magna vulputate luctus.');
insert into orders (parent_id, sitter_id, status, date, start_time, end_time, hours, num_of_kids, address, contact_phone, comment) values (3, 6, 'completed', '2020/12/21', '14:00', '17:00', 3, 3, '2 Carberry Circle', '355-285-9350', 'Vivamus vestibulum sagittis sapien. Cum sociis natoque penatibus et magnis dis parturient montes, nascetur ridiculus mus.');
insert into orders (parent_id, sitter_id, status, date, start_time, end_time, hours, num_of_kids, address, contact_phone, comment) values (2, 8, 'completed', '2021/01/24', '08:00', '11:00', 3, 2, '73702 Loftsgordon Lane', '249-207-2794', 'Aliquam non mauris. Morbi non lectus. Aliquam sit amet diam in magna bibendum imperdiet. Nullam orci pede, venenatis non, sodales sed, tincidunt eu, felis.');
insert into orders (parent_id, sitter_id, status, date, start_time, end_time, hours, num_of_kids, address, contact_phone, comment) values (3, 14, 'completed', '2021/07/05', '14:00', '15:00', 3, 1, '9701 Barby Junction', '536-241-2232', 'Suspendisse accumsan tortor quis turpis. Sed ante.');
insert into orders (parent_id, sitter_id, status, date, start_time, end_time, hours, num_of_kids, address, contact_phone, comment) values (2, 9, 'completed', '2021/03/15', '06:00', '10:00', 4, 1, '75 Karstens Circle', '904-762-2819', 'Phasellus id sapien in sapien iaculis congue. Vivamus metus arcu, adipiscing molestie, hendrerit at, vulputate vitae, nisl. Aenean lectus.');
insert into orders (parent_id, sitter_id, status, date, start_time, end_time, hours, num_of_kids, address, contact_phone, comment) values (5, 16, 'completed', '2020/12/30', '18:00', '21:00', 3, 1, '5238 Little Fleur Point', '711-946-8472', 'Quisque porta volutpat erat. Quisque erat eros, viverra eget, congue eget, semper rutrum, nulla. Nunc purus. Phasellus in felis.');
insert into orders (parent_id, sitter_id, status, date, start_time, end_time, hours, num_of_kids, address, contact_phone, comment) values (4, 12, 'completed', '2020/12/06', '15:00', '16:00', 1, 2, '30 Fair Oaks Crossing', '967-267-7671', 'Integer tincidunt ante vel ipsum. Praesent blandit lacinia erat. Vestibulum sed magna at nunc commodo placerat.');
insert into orders (parent_id, sitter_id, status, date, start_time, end_time, hours, num_of_kids, address, contact_phone, comment) values (1, 10, 'completed', '2020/08/21', '17:00', '19:00', 2, 1, '824 Kennedy Drive', '477-183-3993', 'Maecenas pulvinar lobortis est. Phasellus sit amet erat. Nulla tempus. Vivamus in felis eu sapien cursus vestibulum.');
insert into orders (parent_id, sitter_id, status, date, start_time, end_time, hours, num_of_kids, address, contact_phone, comment) values (3, 18, 'completed', '2021/02/20', '18:00', '19:00', 1, 2, '20609 Buena Vista Avenue', '151-829-2026', 'In hac habitasse platea dictumst. Etiam faucibus cursus urna. Ut tellus. Nulla ut erat id mauris vulputate elementum.');
insert into orders (parent_id, sitter_id, status, date, start_time, end_time, hours, num_of_kids, address, contact_phone, comment) values (1, 14, 'completed', '2020/11/03', '16:00', '20:00', 4, 2, '58942 Merry Trail', '576-674-1490', 'Vestibulum ante ipsum primis in faucibus orci luctus et ultrices posuere cubilia Curae; Duis faucibus accumsan odio. Curabitur convallis. Duis consequat dui nec nisi volutpat eleifend.');
insert into orders (parent_id, sitter_id, status, date, start_time, end_time, hours, num_of_kids, address, contact_phone, comment) values (4, 17, 'completed', '2021/04/03', '15:00', '16:00', 1, 3, '7395 Kingsford Center', '704-124-8721', 'Maecenas leo odio, condimentum id, luctus nec, molestie sed, justo. Pellentesque viverra pede ac diam.');
insert into orders (parent_id, sitter_id, status, date, start_time, end_time, hours, num_of_kids, address, contact_phone, comment) values (1, 7, 'completed', '2020/10/16', '11:00', '14:00', 3, 2, '573 Sloan Terrace', '332-135-7525', 'Integer non velit. Donec diam neque, vestibulum eget, vulputate ut, ultrices vel, augue. Vestibulum ante ipsum primis in faucibus orci luctus et ultrices posuere cubilia Curae; Donec pharetra, magna vestibulum aliquet ultrices, erat tortor sollicitudin mi, sit amet lobortis sapien sapien non mi.');
insert into orders (parent_id, sitter_id, status, date, start_time, end_time, hours, num_of_kids, address, contact_phone, comment) values (3, 15, 'completed', '2021/06/14', '15:00', '19:00', 4, 3, '7 Farmco Drive', '761-739-2499', 'Ut at dolor quis odio consequat varius.');
insert into orders (parent_id, sitter_id, status, date, start_time, end_time, hours, num_of_kids, address, contact_phone, comment) values (2, 15, 'completed', '2021/06/15', '11:00', '13:00', 2, 1, '9 Kinsman Center', '400-326-8163', 'Vestibulum quam sapien, varius ut, blandit non, interdum in, ante. Vestibulum ante ipsum primis in faucibus orci luctus et ultrices posuere cubilia Curae; Duis faucibus accumsan odio.');
insert into orders (parent_id, sitter_id, status, date, start_time, end_time, hours, num_of_kids, address, contact_phone, comment) values (3, 6, 'completed', '2021/07/23', '17:00', '18:00', 1, 2, '28 Tomscot Trail', '225-761-3406', 'Cras non velit nec nisi vulputate nonummy. Maecenas tincidunt lacus at velit. Vivamus vel nulla eget eros elementum pellentesque. Quisque porta volutpat erat.');
insert into orders (parent_id, sitter_id, status, date, start_time, end_time, hours, num_of_kids, address, contact_phone, comment) values (2, 9, 'completed', '2021/04/16', '12:00', '16:00', 4, 3, '8409 Annamark Court', '357-123-5188', 'Maecenas rhoncus aliquam lacus. Morbi quis tortor id nulla ultrices aliquet.');
insert into orders (parent_id, sitter_id, status, date, start_time, end_time, hours, num_of_kids, address, contact_phone, comment) values (5, 8, 'completed', '2021/07/08', '14:00', '16:00', 2, 2, '9360 Oneill Alley', '326-917-6573', 'Aliquam sit amet diam in magna bibendum imperdiet. Nullam orci pede, venenatis non, sodales sed, tincidunt eu, felis.');
insert into orders (parent_id, sitter_id, status, date, start_time, end_time, hours, num_of_kids, address, contact_phone, comment) values (3, 15, 'completed', '2020/09/29', '18:00', '19:00', 1, 1, '482 Stone Corner Parkway', '210-440-4803', 'Morbi porttitor lorem id ligula. Suspendisse ornare consequat lectus.');
insert into orders (parent_id, sitter_id, status, date, start_time, end_time, hours, num_of_kids, address, contact_phone, comment) values (4, 7, 'completed', '2021/06/13', '12:00', '13:00', 1, 2, '681 Hanson Point', '157-653-5904', 'Donec vitae nisi. Nam ultrices, libero non mattis pulvinar, nulla pede ullamcorper augue, a suscipit nulla elit ac nulla. Sed vel enim sit amet nunc viverra dapibus.');
insert into orders (parent_id, sitter_id, status, date, start_time, end_time, hours, num_of_kids, address, contact_phone, comment) values (1, 16, 'completed', '2021/07/09', '14:00', '16:00', 2, 1, '46742 Bartillon Crossing', '865-728-6169', 'Fusce posuere felis sed lacus. Morbi sem mauris, laoreet ut, rhoncus aliquet, pulvinar sed, nisl.');
insert into orders (parent_id, sitter_id, status, date, start_time, end_time, hours, num_of_kids, address, contact_phone, comment) values (2, 11, 'completed', '2020/10/22', '14:00', '18:00', 4, 3, '35 Manufacturers Pass', '595-170-2294', 'Integer pede justo, lacinia eget, tincidunt eget, tempus vel, pede. Morbi porttitor lorem id ligula. Suspendisse ornare consequat lectus. In est risus, auctor sed, tristique in, tempus sit amet, sem.');
insert into orders (parent_id, sitter_id, status, date, start_time, end_time, hours, num_of_kids, address, contact_phone, comment) values (4, 17, 'completed', '2020/12/14', '16:00', '20:00', 4, 2, '17 Prairieview Drive', '120-424-1440', 'Integer ac neque. Duis bibendum.');
insert into orders (parent_id, sitter_id, status, date, start_time, end_time, hours, num_of_kids, address, contact_phone, comment) values (2, 14, 'completed', '2021/05/22', '14:00', '15:00', 1, 2, '649 Golden Leaf Point', '553-799-5360', 'In hac habitasse platea dictumst.');
insert into orders (parent_id, sitter_id, status, date, start_time, end_time, hours, num_of_kids, address, contact_phone, comment) values (1, 17, 'completed', '2021/06/23', '15:00', '16:00', 1, 2, '0 Roxbury Way', '871-582-9567', 'Praesent lectus. Vestibulum quam sapien, varius ut, blandit non, interdum in, ante. Vestibulum ante ipsum primis in faucibus orci luctus et ultrices posuere cubilia Curae; Duis faucibus accumsan odio.');
insert into orders (parent_id, sitter_id, status, date, start_time, end_time, hours, num_of_kids, address, contact_phone, comment) values (2, 15, 'completed', '2021/10/18', '15:00', '19:00', 4, 3, '2812 Ludington Parkway', '914-391-3917', 'Mauris ullamcorper purus sit amet nulla. Quisque arcu libero, rutrum ac, lobortis vel, dapibus at, diam.');
insert into orders (parent_id, sitter_id, status, date, start_time, end_time, hours, num_of_kids, address, contact_phone, comment) values (5, 11, 'completed', '2021/08/22', '10:00', '12:00', 2, 1, '230 Vidon Road', '964-279-9144', 'Donec dapibus. Duis at velit eu est congue elementum. In hac habitasse platea dictumst.');
insert into orders (parent_id, sitter_id, status, date, start_time, end_time, hours, num_of_kids, address, contact_phone, comment) values (1, 10, 'completed', '2020/08/06', '12:00', '15:00', 3, 2, '7272 Novick Center', '808-209-8029', 'Quisque id justo sit amet sapien dignissim vestibulum. Vestibulum ante ipsum primis in faucibus orci luctus et ultrices posuere cubilia Curae; Nulla dapibus dolor vel est.');
insert into orders (parent_id, sitter_id, status, date, start_time, end_time, hours, num_of_kids, address, contact_phone, comment) values (3, 13, 'completed', '2021/02/28', '11:00', '12:00', 1, 2, '07 Talmadge Hill', '953-826-2731', 'Donec odio justo, sollicitudin ut, suscipit a, feugiat et, eros.');
insert into orders (parent_id, sitter_id, status, date, start_time, end_time, hours, num_of_kids, address, contact_phone, comment) values (1, 16, 'completed', '2020/10/08', '10:00', '14:00', 4, 3, '27725 Upham Pass', '816-558-4437', '');
insert into orders (parent_id, sitter_id, status, date, start_time, end_time, hours, num_of_kids, address, contact_phone, comment) values (5, 13, 'completed', '2021/01/21', '16:00', '18:00', 2, 3, '54 Barby Hill', '479-911-5474', '');
insert into orders (parent_id, sitter_id, status, date, start_time, end_time, hours, num_of_kids, address, contact_phone, comment) values (2, 15, 'cancelled', '2021/04/24', '12:00', '14:00', 2, 1, '2 Spenser Parkway', '160-197-6833', '');
insert into orders (parent_id, sitter_id, status, date, start_time, end_time, hours, num_of_kids, address, contact_phone, comment) values (2, 8, 'cancelled', '2020/09/20', '12:00', '13:00', 2, 3, '54 Barby Hill', '479-911-5474', '');
insert into orders (parent_id, sitter_id, status, date, start_time, end_time, hours, num_of_kids, address, contact_phone, comment) values (5, 11, 'cancelled', '2021/03/05', '10:00', '14:00', 2, 3, '54 Barby Hill', '479-911-5474', '');
insert into orders (parent_id, sitter_id, status, date, start_time, end_time, hours, num_of_kids, address, contact_phone, comment) values (5, 17, 'cancelled', '2021/09/20', '14:00', '16:00', 2, 3, '54 Barby Hill', '479-911-5474', '');
insert into orders (parent_id, sitter_id, status, date, start_time, end_time, hours, num_of_kids, address, contact_phone, comment) values (2, 16, 'cancelled', '2021/01/25', '12:00', '16:00', 2, 3, '54 Barby Hill', '479-911-5474', '');

insert into orders (parent_id, sitter_id, status, date, start_time, end_time, hours, num_of_kids, address, contact_phone, comment) values (4, 7, 'completed', '2021/09/27', '12:00', '14:00', 2, 1, '3203 Moulton Road', '568-104-6762', 'Suspendisse potenti. In eleifend quam a odio. In hac habitasse platea dictumst.');
insert into orders (parent_id, sitter_id, status, date, start_time, end_time, hours, num_of_kids, address, contact_phone, comment) values (2, 11, 'completed', '2021/06/20', '15:00', '18:00', 3, 1, '4 Pawling Center', '817-895-4324', 'Integer a nibh. In quis justo. Maecenas rhoncus aliquam lacus. Morbi quis tortor id nulla ultrices aliquet.');
insert into orders (parent_id, sitter_id, status, date, start_time, end_time, hours, num_of_kids, address, contact_phone, comment) values (4, 17, 'completed', '2020/09/17', '10:00', '11:00', 1, 1, '263 Redwing Way', '775-876-9795', 'Duis bibendum, felis sed interdum venenatis, turpis enim blandit mi, in porttitor pede justo eu massa. Donec dapibus. Duis at velit eu est congue elementum. In hac habitasse platea dictumst.');
insert into orders (parent_id, sitter_id, status, date, start_time, end_time, hours, num_of_kids, address, contact_phone, comment) values (3, 15, 'completed', '2021/08/09', '18:00', '19:00', 1, 2, '86276 Laurel Street', '188-335-8488', 'Vestibulum ante ipsum primis in faucibus orci luctus et ultrices posuere cubilia Curae; Duis faucibus accumsan odio. Curabitur convallis. Duis consequat dui nec nisi volutpat eleifend.');
insert into orders (parent_id, sitter_id, status, date, start_time, end_time, hours, num_of_kids, address, contact_phone, comment) values (2, 17, 'completed', '2021/03/18', '10:00', '14:00', 4, 2, '5 Loftsgordon Terrace', '726-259-6248', 'Donec odio justo, sollicitudin ut, suscipit a, feugiat et, eros. Vestibulum ac est lacinia nisi venenatis tristique. Fusce congue, diam id ornare imperdiet, sapien urna pretium nisl, ut volutpat sapien arcu sed augue. Aliquam erat volutpat.');
insert into orders (parent_id, sitter_id, status, date, start_time, end_time, hours, num_of_kids, address, contact_phone, comment) values (3, 7, 'completed', '2021/09/16', '16:00', '18:00', 2, 2, '44125 Eastlawn Point', '708-922-6917', 'Pellentesque at nulla. Suspendisse potenti. Cras in purus eu magna vulputate luctus.');
insert into orders (parent_id, sitter_id, status, date, start_time, end_time, hours, num_of_kids, address, contact_phone, comment) values (2, 8, 'completed', '2020/01/21', '14:00', '17:00', 3, 3, '2 Carberry Circle', '355-285-9350', 'Vivamus vestibulum sagittis sapien. Cum sociis natoque penatibus et magnis dis parturient montes, nascetur ridiculus mus.');
insert into orders (parent_id, sitter_id, status, date, start_time, end_time, hours, num_of_kids, address, contact_phone, comment) values (4, 7, 'completed', '2021/02/24', '08:00', '11:00', 3, 2, '73702 Loftsgordon Lane', '249-207-2794', 'Aliquam non mauris. Morbi non lectus. Aliquam sit amet diam in magna bibendum imperdiet. Nullam orci pede, venenatis non, sodales sed, tincidunt eu, felis.');
insert into orders (parent_id, sitter_id, status, date, start_time, end_time, hours, num_of_kids, address, contact_phone, comment) values (5, 17, 'completed', '2021/08/05', '14:00', '15:00', 3, 1, '9701 Barby Junction', '536-241-2232', 'Suspendisse accumsan tortor quis turpis. Sed ante.');
insert into orders (parent_id, sitter_id, status, date, start_time, end_time, hours, num_of_kids, address, contact_phone, comment) values (3, 8, 'completed', '2021/04/15', '06:00', '10:00', 4, 1, '75 Karstens Circle', '904-762-2819', 'Phasellus id sapien in sapien iaculis congue. Vivamus metus arcu, adipiscing molestie, hendrerit at, vulputate vitae, nisl. Aenean lectus.');
insert into orders (parent_id, sitter_id, status, date, start_time, end_time, hours, num_of_kids, address, contact_phone, comment) values (4, 11, 'completed', '2020/01/30', '18:00', '21:00', 3, 1, '5238 Little Fleur Point', '711-946-8472', 'Quisque porta volutpat erat. Quisque erat eros, viverra eget, congue eget, semper rutrum, nulla. Nunc purus. Phasellus in felis.');
insert into orders (parent_id, sitter_id, status, date, start_time, end_time, hours, num_of_kids, address, contact_phone, comment) values (2, 13, 'completed', '2020/01/06', '15:00', '16:00', 1, 2, '30 Fair Oaks Crossing', '967-267-7671', 'Integer tincidunt ante vel ipsum. Praesent blandit lacinia erat. Vestibulum sed magna at nunc commodo placerat.');
insert into orders (parent_id, sitter_id, status, date, start_time, end_time, hours, num_of_kids, address, contact_phone, comment) values (4, 7, 'completed', '2020/09/21', '17:00', '19:00', 2, 1, '824 Kennedy Drive', '477-183-3993', 'Maecenas pulvinar lobortis est. Phasellus sit amet erat. Nulla tempus. Vivamus in felis eu sapien cursus vestibulum.');
insert into orders (parent_id, sitter_id, status, date, start_time, end_time, hours, num_of_kids, address, contact_phone, comment) values (1, 14, 'completed', '2021/03/20', '18:00', '19:00', 1, 2, '20609 Buena Vista Avenue', '151-829-2026', 'In hac habitasse platea dictumst. Etiam faucibus cursus urna. Ut tellus. Nulla ut erat id mauris vulputate elementum.');
insert into orders (parent_id, sitter_id, status, date, start_time, end_time, hours, num_of_kids, address, contact_phone, comment) values (5, 13, 'completed', '2020/12/03', '16:00', '20:00', 4, 2, '58942 Merry Trail', '576-674-1490', 'Vestibulum ante ipsum primis in faucibus orci luctus et ultrices posuere cubilia Curae; Duis faucibus accumsan odio. Curabitur convallis. Duis consequat dui nec nisi volutpat eleifend.');
insert into orders (parent_id, sitter_id, status, date, start_time, end_time, hours, num_of_kids, address, contact_phone, comment) values (2, 18, 'completed', '2021/05/03', '15:00', '16:00', 1, 3, '7395 Kingsford Center', '704-124-8721', 'Maecenas leo odio, condimentum id, luctus nec, molestie sed, justo. Pellentesque viverra pede ac diam.');
insert into orders (parent_id, sitter_id, status, date, start_time, end_time, hours, num_of_kids, address, contact_phone, comment) values (3, 16, 'completed', '2020/11/16', '11:00', '14:00', 3, 2, '573 Sloan Terrace', '332-135-7525', 'Integer non velit. Donec diam neque, vestibulum eget, vulputate ut, ultrices vel, augue. Vestibulum ante ipsum primis in faucibus orci luctus et ultrices posuere cubilia Curae; Donec pharetra, magna vestibulum aliquet ultrices, erat tortor sollicitudin mi, sit amet lobortis sapien sapien non mi.');
insert into orders (parent_id, sitter_id, status, date, start_time, end_time, hours, num_of_kids, address, contact_phone, comment) values (2, 13, 'completed', '2021/07/14', '15:00', '19:00', 4, 3, '7 Farmco Drive', '761-739-2499', 'Ut at dolor quis odio consequat varius.');
insert into orders (parent_id, sitter_id, status, date, start_time, end_time, hours, num_of_kids, address, contact_phone, comment) values (5, 14, 'completed', '2021/07/15', '11:00', '13:00', 2, 1, '9 Kinsman Center', '400-326-8163', 'Vestibulum quam sapien, varius ut, blandit non, interdum in, ante. Vestibulum ante ipsum primis in faucibus orci luctus et ultrices posuere cubilia Curae; Duis faucibus accumsan odio.');
insert into orders (parent_id, sitter_id, status, date, start_time, end_time, hours, num_of_kids, address, contact_phone, comment) values (5, 9, 'completed', '2021/08/23', '17:00', '18:00', 1, 2, '28 Tomscot Trail', '225-761-3406', 'Cras non velit nec nisi vulputate nonummy. Maecenas tincidunt lacus at velit. Vivamus vel nulla eget eros elementum pellentesque. Quisque porta volutpat erat.');
insert into orders (parent_id, sitter_id, status, date, start_time, end_time, hours, num_of_kids, address, contact_phone, comment) values (1, 6, 'completed', '2021/05/16', '12:00', '16:00', 4, 3, '8409 Annamark Court', '357-123-5188', 'Maecenas rhoncus aliquam lacus. Morbi quis tortor id nulla ultrices aliquet.');
insert into orders (parent_id, sitter_id, status, date, start_time, end_time, hours, num_of_kids, address, contact_phone, comment) values (4, 9, 'completed', '2021/08/08', '14:00', '16:00', 2, 2, '9360 Oneill Alley', '326-917-6573', 'Aliquam sit amet diam in magna bibendum imperdiet. Nullam orci pede, venenatis non, sodales sed, tincidunt eu, felis.');
insert into orders (parent_id, sitter_id, status, date, start_time, end_time, hours, num_of_kids, address, contact_phone, comment) values (1, 16, 'completed', '2020/10/29', '18:00', '19:00', 1, 1, '482 Stone Corner Parkway', '210-440-4803', 'Morbi porttitor lorem id ligula. Suspendisse ornare consequat lectus.');
insert into orders (parent_id, sitter_id, status, date, start_time, end_time, hours, num_of_kids, address, contact_phone, comment) values (3, 8, 'completed', '2021/07/13', '12:00', '13:00', 1, 2, '681 Hanson Point', '157-653-5904', 'Donec vitae nisi. Nam ultrices, libero non mattis pulvinar, nulla pede ullamcorper augue, a suscipit nulla elit ac nulla. Sed vel enim sit amet nunc viverra dapibus.');
insert into orders (parent_id, sitter_id, status, date, start_time, end_time, hours, num_of_kids, address, contact_phone, comment) values (5, 6, 'completed', '2021/08/09', '14:00', '16:00', 2, 1, '46742 Bartillon Crossing', '865-728-6169', 'Fusce posuere felis sed lacus. Morbi sem mauris, laoreet ut, rhoncus aliquet, pulvinar sed, nisl.');
insert into orders (parent_id, sitter_id, status, date, start_time, end_time, hours, num_of_kids, address, contact_phone, comment) values (1, 10, 'completed', '2020/11/22', '14:00', '18:00', 4, 3, '35 Manufacturers Pass', '595-170-2294', 'Integer pede justo, lacinia eget, tincidunt eget, tempus vel, pede. Morbi porttitor lorem id ligula. Suspendisse ornare consequat lectus. In est risus, auctor sed, tristique in, tempus sit amet, sem.');
insert into orders (parent_id, sitter_id, status, date, start_time, end_time, hours, num_of_kids, address, contact_phone, comment) values (1, 18, 'completed', '2020/01/14', '16:00', '20:00', 4, 2, '17 Prairieview Drive', '120-424-1440', 'Integer ac neque. Duis bibendum.');
insert into orders (parent_id, sitter_id, status, date, start_time, end_time, hours, num_of_kids, address, contact_phone, comment) values (4, 13, 'completed', '2021/06/22', '14:00', '15:00', 1, 2, '649 Golden Leaf Point', '553-799-5360', 'In hac habitasse platea dictumst.');
insert into orders (parent_id, sitter_id, status, date, start_time, end_time, hours, num_of_kids, address, contact_phone, comment) values (2, 16, 'completed', '2021/07/23', '15:00', '16:00', 1, 2, '0 Roxbury Way', '871-582-9567', 'Praesent lectus. Vestibulum quam sapien, varius ut, blandit non, interdum in, ante. Vestibulum ante ipsum primis in faucibus orci luctus et ultrices posuere cubilia Curae; Duis faucibus accumsan odio.');
insert into orders (parent_id, sitter_id, status, date, start_time, end_time, hours, num_of_kids, address, contact_phone, comment) values (1, 7, 'completed', '2021/09/18', '15:00', '19:00', 4, 3, '2812 Ludington Parkway', '914-391-3917', 'Mauris ullamcorper purus sit amet nulla. Quisque arcu libero, rutrum ac, lobortis vel, dapibus at, diam.');
insert into orders (parent_id, sitter_id, status, date, start_time, end_time, hours, num_of_kids, address, contact_phone, comment) values (3, 18, 'completed', '2021/09/22', '10:00', '12:00', 2, 1, '230 Vidon Road', '964-279-9144', 'Donec dapibus. Duis at velit eu est congue elementum. In hac habitasse platea dictumst.');
insert into orders (parent_id, sitter_id, status, date, start_time, end_time, hours, num_of_kids, address, contact_phone, comment) values (5, 9, 'completed', '2020/09/06', '12:00', '15:00', 3, 2, '7272 Novick Center', '808-209-8029', 'Quisque id justo sit amet sapien dignissim vestibulum. Vestibulum ante ipsum primis in faucibus orci luctus et ultrices posuere cubilia Curae; Nulla dapibus dolor vel est.');
insert into orders (parent_id, sitter_id, status, date, start_time, end_time, hours, num_of_kids, address, contact_phone, comment) values (2, 11, 'completed', '2021/03/28', '11:00', '12:00', 1, 2, '07 Talmadge Hill', '953-826-2731', 'Donec odio justo, sollicitudin ut, suscipit a, feugiat et, eros.');
insert into orders (parent_id, sitter_id, status, date, start_time, end_time, hours, num_of_kids, address, contact_phone, comment) values (2, 15, 'completed', '2020/11/08', '10:00', '14:00', 4, 3, '27725 Upham Pass', '816-558-4437', '');
insert into orders (parent_id, sitter_id, status, date, start_time, end_time, hours, num_of_kids, address, contact_phone, comment) values (1, 10, 'completed', '2021/02/21', '16:00', '18:00', 2, 3, '54 Barby Hill', '479-911-5474', '');
insert into orders (parent_id, sitter_id, status, date, start_time, end_time, hours, num_of_kids, address, contact_phone, comment) values (1, 15, 'completed', '2021/09/27', '12:00', '14:00', 2, 1, '3203 Moulton Road', '568-104-6762', 'Suspendisse potenti. In eleifend quam a odio. In hac habitasse platea dictumst.');
insert into orders (parent_id, sitter_id, status, date, start_time, end_time, hours, num_of_kids, address, contact_phone, comment) values (3, 14, 'completed', '2021/06/20', '15:00', '18:00', 3, 1, '4 Pawling Center', '817-895-4324', 'Integer a nibh. In quis justo. Maecenas rhoncus aliquam lacus. Morbi quis tortor id nulla ultrices aliquet.');
insert into orders (parent_id, sitter_id, status, date, start_time, end_time, hours, num_of_kids, address, contact_phone, comment) values (1, 11, 'completed', '2020/10/17', '10:00', '11:00', 1, 1, '263 Redwing Way', '775-876-9795', 'Duis bibendum, felis sed interdum venenatis, turpis enim blandit mi, in porttitor pede justo eu massa. Donec dapibus. Duis at velit eu est congue elementum. In hac habitasse platea dictumst.');
insert into orders (parent_id, sitter_id, status, date, start_time, end_time, hours, num_of_kids, address, contact_phone, comment) values (2, 10, 'completed', '2021/08/09', '18:00', '19:00', 1, 2, '86276 Laurel Street', '188-335-8488', 'Vestibulum ante ipsum primis in faucibus orci luctus et ultrices posuere cubilia Curae; Duis faucibus accumsan odio. Curabitur convallis. Duis consequat dui nec nisi volutpat eleifend.');
insert into orders (parent_id, sitter_id, status, date, start_time, end_time, hours, num_of_kids, address, contact_phone, comment) values (1, 13, 'completed', '2021/03/18', '10:00', '14:00', 4, 2, '5 Loftsgordon Terrace', '726-259-6248', 'Donec odio justo, sollicitudin ut, suscipit a, feugiat et, eros. Vestibulum ac est lacinia nisi venenatis tristique. Fusce congue, diam id ornare imperdiet, sapien urna pretium nisl, ut volutpat sapien arcu sed augue. Aliquam erat volutpat.');
insert into orders (parent_id, sitter_id, status, date, start_time, end_time, hours, num_of_kids, address, contact_phone, comment) values (2, 6, 'completed', '2021/09/16', '16:00', '18:00', 2, 2, '44125 Eastlawn Point', '708-922-6917', 'Pellentesque at nulla. Suspendisse potenti. Cras in purus eu magna vulputate luctus.');
insert into orders (parent_id, sitter_id, status, date, start_time, end_time, hours, num_of_kids, address, contact_phone, comment) values (3, 6, 'completed', '2021/01/21', '14:00', '17:00', 3, 3, '2 Carberry Circle', '355-285-9350', 'Vivamus vestibulum sagittis sapien. Cum sociis natoque penatibus et magnis dis parturient montes, nascetur ridiculus mus.');
insert into orders (parent_id, sitter_id, status, date, start_time, end_time, hours, num_of_kids, address, contact_phone, comment) values (2, 8, 'completed', '2021/02/24', '08:00', '11:00', 3, 2, '73702 Loftsgordon Lane', '249-207-2794', 'Aliquam non mauris. Morbi non lectus. Aliquam sit amet diam in magna bibendum imperdiet. Nullam orci pede, venenatis non, sodales sed, tincidunt eu, felis.');
insert into orders (parent_id, sitter_id, status, date, start_time, end_time, hours, num_of_kids, address, contact_phone, comment) values (3, 14, 'completed', '2021/08/05', '14:00', '15:00', 3, 1, '9701 Barby Junction', '536-241-2232', 'Suspendisse accumsan tortor quis turpis. Sed ante.');
insert into orders (parent_id, sitter_id, status, date, start_time, end_time, hours, num_of_kids, address, contact_phone, comment) values (2, 9, 'completed', '2021/04/15', '06:00', '10:00', 4, 1, '75 Karstens Circle', '904-762-2819', 'Phasellus id sapien in sapien iaculis congue. Vivamus metus arcu, adipiscing molestie, hendrerit at, vulputate vitae, nisl. Aenean lectus.');
insert into orders (parent_id, sitter_id, status, date, start_time, end_time, hours, num_of_kids, address, contact_phone, comment) values (4, 16, 'completed', '2021/01/30', '18:00', '21:00', 3, 1, '5238 Little Fleur Point', '711-946-8472', 'Quisque porta volutpat erat. Quisque erat eros, viverra eget, congue eget, semper rutrum, nulla. Nunc purus. Phasellus in felis.');
insert into orders (parent_id, sitter_id, status, date, start_time, end_time, hours, num_of_kids, address, contact_phone, comment) values (4, 12, 'completed', '2021/01/06', '15:00', '16:00', 1, 2, '30 Fair Oaks Crossing', '967-267-7671', 'Integer tincidunt ante vel ipsum. Praesent blandit lacinia erat. Vestibulum sed magna at nunc commodo placerat.');
insert into orders (parent_id, sitter_id, status, date, start_time, end_time, hours, num_of_kids, address, contact_phone, comment) values (1, 10, 'completed', '2020/09/21', '17:00', '19:00', 2, 1, '824 Kennedy Drive', '477-183-3993', 'Maecenas pulvinar lobortis est. Phasellus sit amet erat. Nulla tempus. Vivamus in felis eu sapien cursus vestibulum.');
insert into orders (parent_id, sitter_id, status, date, start_time, end_time, hours, num_of_kids, address, contact_phone, comment) values (3, 18, 'completed', '2021/03/20', '18:00', '19:00', 1, 2, '20609 Buena Vista Avenue', '151-829-2026', 'In hac habitasse platea dictumst. Etiam faucibus cursus urna. Ut tellus. Nulla ut erat id mauris vulputate elementum.');
insert into orders (parent_id, sitter_id, status, date, start_time, end_time, hours, num_of_kids, address, contact_phone, comment) values (1, 14, 'completed', '2020/12/03', '16:00', '20:00', 4, 2, '58942 Merry Trail', '576-674-1490', 'Vestibulum ante ipsum primis in faucibus orci luctus et ultrices posuere cubilia Curae; Duis faucibus accumsan odio. Curabitur convallis. Duis consequat dui nec nisi volutpat eleifend.');
insert into orders (parent_id, sitter_id, status, date, start_time, end_time, hours, num_of_kids, address, contact_phone, comment) values (4, 17, 'completed', '2021/05/03', '15:00', '16:00', 1, 3, '7395 Kingsford Center', '704-124-8721', 'Maecenas leo odio, condimentum id, luctus nec, molestie sed, justo. Pellentesque viverra pede ac diam.');
insert into orders (parent_id, sitter_id, status, date, start_time, end_time, hours, num_of_kids, address, contact_phone, comment) values (1, 7, 'completed', '2020/11/16', '11:00', '14:00', 3, 2, '573 Sloan Terrace', '332-135-7525', 'Integer non velit. Donec diam neque, vestibulum eget, vulputate ut, ultrices vel, augue. Vestibulum ante ipsum primis in faucibus orci luctus et ultrices posuere cubilia Curae; Donec pharetra, magna vestibulum aliquet ultrices, erat tortor sollicitudin mi, sit amet lobortis sapien sapien non mi.');
insert into orders (parent_id, sitter_id, status, date, start_time, end_time, hours, num_of_kids, address, contact_phone, comment) values (3, 15, 'completed', '2021/07/14', '15:00', '19:00', 4, 3, '7 Farmco Drive', '761-739-2499', 'Ut at dolor quis odio consequat varius.');
insert into orders (parent_id, sitter_id, status, date, start_time, end_time, hours, num_of_kids, address, contact_phone, comment) values (2, 15, 'completed', '2021/07/15', '11:00', '13:00', 2, 1, '9 Kinsman Center', '400-326-8163', 'Vestibulum quam sapien, varius ut, blandit non, interdum in, ante. Vestibulum ante ipsum primis in faucibus orci luctus et ultrices posuere cubilia Curae; Duis faucibus accumsan odio.');
insert into orders (parent_id, sitter_id, status, date, start_time, end_time, hours, num_of_kids, address, contact_phone, comment) values (3, 6, 'completed', '2021/08/23', '17:00', '18:00', 1, 2, '28 Tomscot Trail', '225-761-3406', 'Cras non velit nec nisi vulputate nonummy. Maecenas tincidunt lacus at velit. Vivamus vel nulla eget eros elementum pellentesque. Quisque porta volutpat erat.');
insert into orders (parent_id, sitter_id, status, date, start_time, end_time, hours, num_of_kids, address, contact_phone, comment) values (2, 9, 'completed', '2021/05/16', '12:00', '16:00', 4, 3, '8409 Annamark Court', '357-123-5188', 'Maecenas rhoncus aliquam lacus. Morbi quis tortor id nulla ultrices aliquet.');
insert into orders (parent_id, sitter_id, status, date, start_time, end_time, hours, num_of_kids, address, contact_phone, comment) values (5, 8, 'completed', '2021/08/08', '14:00', '16:00', 2, 2, '9360 Oneill Alley', '326-917-6573', 'Aliquam sit amet diam in magna bibendum imperdiet. Nullam orci pede, venenatis non, sodales sed, tincidunt eu, felis.');
insert into orders (parent_id, sitter_id, status, date, start_time, end_time, hours, num_of_kids, address, contact_phone, comment) values (3, 15, 'completed', '2020/10/29', '18:00', '19:00', 1, 1, '482 Stone Corner Parkway', '210-440-4803', 'Morbi porttitor lorem id ligula. Suspendisse ornare consequat lectus.');
insert into orders (parent_id, sitter_id, status, date, start_time, end_time, hours, num_of_kids, address, contact_phone, comment) values (4, 7, 'completed', '2021/07/13', '12:00', '13:00', 1, 2, '681 Hanson Point', '157-653-5904', 'Donec vitae nisi. Nam ultrices, libero non mattis pulvinar, nulla pede ullamcorper augue, a suscipit nulla elit ac nulla. Sed vel enim sit amet nunc viverra dapibus.');
insert into orders (parent_id, sitter_id, status, date, start_time, end_time, hours, num_of_kids, address, contact_phone, comment) values (1, 16, 'completed', '2021/08/09', '14:00', '16:00', 2, 1, '46742 Bartillon Crossing', '865-728-6169', 'Fusce posuere felis sed lacus. Morbi sem mauris, laoreet ut, rhoncus aliquet, pulvinar sed, nisl.');
insert into orders (parent_id, sitter_id, status, date, start_time, end_time, hours, num_of_kids, address, contact_phone, comment) values (2, 11, 'completed', '2020/11/22', '14:00', '18:00', 4, 3, '35 Manufacturers Pass', '595-170-2294', 'Integer pede justo, lacinia eget, tincidunt eget, tempus vel, pede. Morbi porttitor lorem id ligula. Suspendisse ornare consequat lectus. In est risus, auctor sed, tristique in, tempus sit amet, sem.');
insert into orders (parent_id, sitter_id, status, date, start_time, end_time, hours, num_of_kids, address, contact_phone, comment) values (4, 17, 'completed', '2021/01/14', '16:00', '20:00', 4, 2, '17 Prairieview Drive', '120-424-1440', 'Integer ac neque. Duis bibendum.');
insert into orders (parent_id, sitter_id, status, date, start_time, end_time, hours, num_of_kids, address, contact_phone, comment) values (2, 14, 'completed', '2021/06/22', '14:00', '15:00', 1, 2, '649 Golden Leaf Point', '553-799-5360', 'In hac habitasse platea dictumst.');
insert into orders (parent_id, sitter_id, status, date, start_time, end_time, hours, num_of_kids, address, contact_phone, comment) values (1, 17, 'completed', '2021/07/23', '15:00', '16:00', 1, 2, '0 Roxbury Way', '871-582-9567', 'Praesent lectus. Vestibulum quam sapien, varius ut, blandit non, interdum in, ante. Vestibulum ante ipsum primis in faucibus orci luctus et ultrices posuere cubilia Curae; Duis faucibus accumsan odio.');
insert into orders (parent_id, sitter_id, status, date, start_time, end_time, hours, num_of_kids, address, contact_phone, comment) values (2, 15, 'completed', '2021/09/18', '15:00', '19:00', 4, 3, '2812 Ludington Parkway', '914-391-3917', 'Mauris ullamcorper purus sit amet nulla. Quisque arcu libero, rutrum ac, lobortis vel, dapibus at, diam.');
insert into orders (parent_id, sitter_id, status, date, start_time, end_time, hours, num_of_kids, address, contact_phone, comment) values (5, 11, 'completed', '2021/09/22', '10:00', '12:00', 2, 1, '230 Vidon Road', '964-279-9144', 'Donec dapibus. Duis at velit eu est congue elementum. In hac habitasse platea dictumst.');
insert into orders (parent_id, sitter_id, status, date, start_time, end_time, hours, num_of_kids, address, contact_phone, comment) values (1, 10, 'completed', '2020/09/06', '12:00', '15:00', 3, 2, '7272 Novick Center', '808-209-8029', 'Quisque id justo sit amet sapien dignissim vestibulum. Vestibulum ante ipsum primis in faucibus orci luctus et ultrices posuere cubilia Curae; Nulla dapibus dolor vel est.');
insert into orders (parent_id, sitter_id, status, date, start_time, end_time, hours, num_of_kids, address, contact_phone, comment) values (3, 13, 'completed', '2021/03/28', '11:00', '12:00', 1, 2, '07 Talmadge Hill', '953-826-2731', 'Donec odio justo, sollicitudin ut, suscipit a, feugiat et, eros.');
insert into orders (parent_id, sitter_id, status, date, start_time, end_time, hours, num_of_kids, address, contact_phone, comment) values (5, 16, 'completed', '2020/11/08', '10:00', '14:00', 4, 3, '27725 Upham Pass', '816-558-4437', '');
insert into orders (parent_id, sitter_id, status, date, start_time, end_time, hours, num_of_kids, address, contact_phone, comment) values (5, 13, 'completed', '2021/02/21', '16:00', '18:00', 2, 3, '54 Barby Hill', '479-911-5474', '');
insert into orders (parent_id, sitter_id, status, date, start_time, end_time, hours, num_of_kids, address, contact_phone, comment) values (2, 15, 'cancelled', '2021/05/24', '12:00', '14:00', 2, 1, '2 Spenser Parkway', '160-197-6833', '');
insert into orders (parent_id, sitter_id, status, date, start_time, end_time, hours, num_of_kids, address, contact_phone, comment) values (2, 8, 'cancelled', '2020/10/20', '12:00', '13:00', 2, 3, '54 Barby Hill', '479-911-5474', '');
insert into orders (parent_id, sitter_id, status, date, start_time, end_time, hours, num_of_kids, address, contact_phone, comment) values (5, 11, 'cancelled', '2021/04/05', '10:00', '14:00', 2, 3, '54 Barby Hill', '479-911-5474', '');
insert into orders (parent_id, sitter_id, status, date, start_time, end_time, hours, num_of_kids, address, contact_phone, comment) values (2, 16, 'cancelled', '2021/02/25', '12:00', '16:00', 2, 3, '54 Barby Hill', '479-911-5474', '');
insert into orders (parent_id, sitter_id, status, date, start_time, end_time, hours, num_of_kids, address, contact_phone, comment) values (5, 17, 'cancelled', '2021/10/20', '14:00', '16:00', 2, 3, '54 Barby Hill', '479-911-5474', '');

insert into reviews_for_parent (order_id, comment, rate) values (1, 'Nulla tempus.', 4);
insert into reviews_for_parent (order_id, comment, rate) values (2, 'Donec ut dolor.', 4);
insert into reviews_for_parent (order_id, comment, rate) values (3, 'Donec quis orci eget orci vehicula condimentum.', 5);
insert into reviews_for_parent (order_id, comment, rate) values (4, 'Lorem ipsum dolor sit amet, consectetuer adipiscing elit. Proin interdum mauris non ligula pellentesque ultrices.', 4);
insert into reviews_for_parent (order_id, comment, rate) values (5, 'Duis bibendum, felis sed interdum venenatis, turpis enim blandit mi, in porttitor pede justo eu massa.', 4);
insert into reviews_for_parent (order_id, comment, rate) values (6, 'Morbi a ipsum. Integer a nibh.', 5);
insert into reviews_for_parent (order_id, comment, rate) values (7, 'Donec ut dolor.', 4);
insert into reviews_for_parent (order_id, comment, rate) values (8, 'Cras in purus eu magna vulputate luctus. Cum sociis natoque penatibus et magnis dis parturient montes, nascetur ridiculus mus.', 3);
insert into reviews_for_parent (order_id, comment, rate) values (9, 'Vestibulum quam sapien, varius ut, blandit non, interdum in, ante.', 4);
insert into reviews_for_parent (order_id, comment, rate) values (10, 'Vestibulum quam sapien, varius ut, blandit non, interdum in, ante.', 4);
insert into reviews_for_parent (order_id, comment, rate) values (11, 'Nulla neque libero, convallis eget, eleifend luctus, ultricies eu, nibh.', 5);
insert into reviews_for_parent (order_id, comment, rate) values (12, 'Mauris ullamcorper purus sit amet nulla. Quisque arcu libero, rutrum ac, lobortis vel, dapibus at, diam.', 5);
insert into reviews_for_parent (order_id, comment, rate) values (13, 'Cras mi pede, malesuada in, imperdiet et, commodo vulputate, justo.', 4);
insert into reviews_for_parent (order_id, comment, rate) values (14, 'Praesent blandit. Nam nulla.', 5);
insert into reviews_for_parent (order_id, comment, rate) values (15, 'Integer ac neque.', 5);
insert into reviews_for_parent (order_id, comment, rate) values (16, 'Donec diam neque, vestibulum eget, vulputate ut, ultrices vel, augue. Vestibulum ante ipsum primis in faucibus orci luctus et ultrices posuere cubilia Curae; Donec pharetra, magna vestibulum aliquet ultrices, erat tortor sollicitudin mi, sit amet lobortis sapien sapien non mi.', 5);
insert into reviews_for_parent (order_id, comment, rate) values (17, 'Mauris enim leo, rhoncus sed, vestibulum sit amet, cursus id, turpis.', 5);
insert into reviews_for_parent (order_id, comment, rate) values (18, 'Vestibulum ante ipsum primis in faucibus orci luctus et ultrices posuere cubilia Curae; Duis faucibus accumsan odio. Curabitur convallis.', 5);
insert into reviews_for_parent (order_id, comment, rate) values (19, 'Vestibulum rutrum rutrum neque. Aenean auctor gravida sem.', 5);
insert into reviews_for_parent (order_id, comment, rate) values (20, 'Nulla tellus. In sagittis dui vel nisl.', 5);
insert into reviews_for_parent (order_id, comment, rate) values (21, 'Ut at dolor quis odio consequat varius. Integer ac leo.', 5);
insert into reviews_for_parent (order_id, comment, rate) values (22, 'Mauris lacinia sapien quis libero. Nullam sit amet turpis elementum ligula vehicula consequat.', 5);
insert into reviews_for_parent (order_id, comment, rate) values (23, 'Duis bibendum, felis sed interdum venenatis, turpis enim blandit mi, in porttitor pede justo eu massa. Donec dapibus.', 3);
insert into reviews_for_parent (order_id, comment, rate) values (24, 'Duis consequat dui nec nisi volutpat eleifend. Donec ut dolor.', 4);
insert into reviews_for_parent (order_id, comment, rate) values (25, 'Nulla mollis molestie lorem.', 4);
insert into reviews_for_parent (order_id, comment, rate) values (26, 'Morbi sem mauris, laoreet ut, rhoncus aliquet, pulvinar sed, nisl. Nunc rhoncus dui vel sem.', 5);
insert into reviews_for_parent (order_id, comment, rate) values (27, 'Praesent lectus. Vestibulum quam sapien, varius ut, blandit non, interdum in, ante.', 5);
insert into reviews_for_parent (order_id, comment, rate) values (28, 'Fusce posuere felis sed lacus.', 5);
insert into reviews_for_parent (order_id, comment, rate) values (29, 'Sed accumsan felis. Ut at dolor quis odio consequat varius.', 5);
insert into reviews_for_parent (order_id, comment, rate) values (30, 'Nam nulla. Integer pede justo, lacinia eget, tincidunt eget, tempus vel, pede.', 5);
insert into reviews_for_parent (order_id, comment, rate) values (31, 'Aliquam sit amet diam in magna bibendum imperdiet. Nullam orci pede, venenatis non, sodales sed, tincidunt eu, felis.', 3);
insert into reviews_for_parent (order_id, comment, rate) values (32, 'Donec dapibus. Duis at velit eu est congue elementum.', 5);
insert into reviews_for_parent (order_id, comment, rate) values (33, 'Duis at velit eu est congue elementum.', 5);
insert into reviews_for_parent (order_id, comment, rate) values (34, 'Donec odio justo, sollicitudin ut, suscipit a, feugiat et, eros. Vestibulum ac est lacinia nisi venenatis tristique.', 3);
insert into reviews_for_parent (order_id, comment, rate) values (35, 'Morbi quis tortor id nulla ultrices aliquet.', 5);
insert into reviews_for_parent (order_id, comment, rate) values (36, 'Morbi sem mauris, laoreet ut, rhoncus aliquet, pulvinar sed, nisl. Nunc rhoncus dui vel sem.', 4);
insert into reviews_for_parent (order_id, comment, rate) values (37, 'Integer ac neque. Duis bibendum.', 5);
insert into reviews_for_parent (order_id, comment, rate) values (38, 'Suspendisse potenti.', 5);
insert into reviews_for_parent (iorder_id, comment, rate) values (39, 'Nullam sit amet turpis elementum ligula vehicula consequat. Morbi a ipsum.', 3);
insert into reviews_for_parent (order_id, comment, rate) values (40, 'Proin interdum mauris non ligula pellentesque ultrices.', 3);
insert into reviews_for_parent (order_id, comment, rate) values (41, 'Nam congue, risus semper porta volutpat, quam pede lobortis ligula, sit amet eleifend pede libero quis orci. Nullam molestie nibh in lectus.', 3);
insert into reviews_for_parent (order_id, comment, rate) values (42, 'In hac habitasse platea dictumst. Morbi vestibulum, velit id pretium iaculis, diam erat fermentum justo, nec condimentum neque sapien placerat ante.', 5);
insert into reviews_for_parent (order_id, comment, rate) values (43, 'Duis bibendum.', 4);
insert into reviews_for_parent (order_id, comment, rate) values (44, 'Aenean auctor gravida sem. Praesent id massa id nisl venenatis lacinia.', 4);
insert into reviews_for_parent (order_id, comment, rate) values (45, 'Morbi porttitor lorem id ligula.', 5);
insert into reviews_for_parent (order_id, comment, rate) values (46, 'Praesent lectus.', 5);
insert into reviews_for_parent (order_id, comment, rate) values (47, 'Integer ac leo. Pellentesque ultrices mattis odio.', 5);
insert into reviews_for_parent (order_id, comment, rate) values (48, 'Vestibulum sed magna at nunc commodo placerat.', 5);
insert into reviews_for_parent (order_id, comment, rate) values (49, 'In tempor, turpis nec euismod scelerisque, quam turpis adipiscing lorem, vitae mattis nibh ligula nec sem. Duis aliquam convallis nunc.', 5);
insert into reviews_for_parent (order_id, comment, rate) values (51, 'Nulla nisl.', 5);
insert into reviews_for_parent (order_id, comment, rate) values (52, 'Suspendisse potenti.', 5);
insert into reviews_for_parent (order_id, comment, rate) values (53, 'Donec posuere metus vitae ipsum. Aliquam non mauris.', 5);
insert into reviews_for_parent (order_id, comment, rate) values (54, 'Pellentesque viverra pede ac diam. Cras pellentesque volutpat dui.', 4);
insert into reviews_for_parent (order_id, comment, rate) values (55, 'Curabitur at ipsum ac tellus semper interdum.', 5);
insert into reviews_for_parent (order_id, comment, rate) values (56, 'Donec ut mauris eget massa tempor convallis.', 3);
insert into reviews_for_parent (order_id, comment, rate) values (57, 'Nunc rhoncus dui vel sem.', 3);
insert into reviews_for_parent (order_id, comment, rate) values (58, 'Suspendisse accumsan tortor quis turpis. Sed ante.', 5);
insert into reviews_for_parent (order_id, comment, rate) values (59, 'Aenean lectus.', 4);
insert into reviews_for_parent (order_id, comment, rate) values (60, 'Pellentesque viverra pede ac diam. Cras pellentesque volutpat dui.', 4);
insert into reviews_for_parent (order_id, comment, rate) values (61, 'Cum sociis natoque penatibus et magnis dis parturient montes, nascetur ridiculus mus.', 5);
insert into reviews_for_parent (order_id, comment, rate) values (62, 'Etiam pretium iaculis justo. In hac habitasse platea dictumst.', 4);
insert into reviews_for_parent (order_id, comment, rate) values (63, 'Maecenas leo odio, condimentum id, luctus nec, molestie sed, justo. Pellentesque viverra pede ac diam.', 4);
insert into reviews_for_parent (order_id, comment, rate) values (64, 'Vivamus in felis eu sapien cursus vestibulum. Proin eu mi.', 5);
insert into reviews_for_parent (order_id, comment, rate) values (65, 'Morbi non lectus.', 3);
insert into reviews_for_parent (order_id, comment, rate) values (66, 'Aliquam augue quam, sollicitudin vitae, consectetuer eget, rutrum at, lorem.', 5);
insert into reviews_for_parent (order_id, comment, rate) values (67, 'Maecenas tincidunt lacus at velit.', 4);
insert into reviews_for_parent (order_id, comment, rate) values (68, 'Nulla suscipit ligula in lacus.', 3);
insert into reviews_for_parent (order_id, comment, rate) values (69, 'Aenean auctor gravida sem. Praesent id massa id nisl venenatis lacinia.', 5);
insert into reviews_for_parent (order_id, comment, rate) values (70, 'Integer pede justo, lacinia eget, tincidunt eget, tempus vel, pede.', 5);

insert into reviews_for_sitter (order_id, comment, rate) values (1, 'In eleifend quam a odio. In hac habitasse platea dictumst.', 4);
insert into reviews_for_sitter (order_id, comment, rate) values (2, 'Aliquam augue quam, sollicitudin vitae, consectetuer eget, rutrum at, lorem.', 5);
insert into reviews_for_sitter (order_id, comment, rate) values (3, 'Cras mi pede, malesuada in, imperdiet et, commodo vulputate, justo.', 5);
insert into reviews_for_sitter (order_id, comment, rate) values (4, 'Suspendisse potenti. Cras in purus eu magna vulputate luctus.', 5);
insert into reviews_for_sitter (order_id, comment, rate) values (5, 'Fusce posuere felis sed lacus. Morbi sem mauris, laoreet ut, rhoncus aliquet, pulvinar sed, nisl.', 5);
insert into reviews_for_sitter (order_id, comment, rate) values (6, 'Vivamus vel nulla eget eros elementum pellentesque. Quisque porta volutpat erat.', 5);
insert into reviews_for_sitter (order_id, comment, rate) values (7, 'Integer ac neque. Duis bibendum.', 4);
insert into reviews_for_sitter (order_id, comment, rate) values (8, 'Pellentesque at nulla. Suspendisse potenti.', 5);
insert into reviews_for_sitter (order_id, comment, rate) values (9, 'Vestibulum ante ipsum primis in faucibus orci luctus et ultrices posuere cubilia Curae; Duis faucibus accumsan odio.', 5);
insert into reviews_for_sitter (order_id, comment, rate) values (10, 'Morbi quis tortor id nulla ultrices aliquet. Maecenas leo odio, condimentum id, luctus nec, molestie sed, justo.', 5);
insert into reviews_for_sitter (order_id, comment, rate) values (11, 'Sed sagittis.', 4);
insert into reviews_for_sitter (order_id, comment, rate) values (12, 'Nulla neque libero, convallis eget, eleifend luctus, ultricies eu, nibh.', 5);
insert into reviews_for_sitter (order_id, comment, rate) values (13, 'Nulla ut erat id mauris vulputate elementum.', 5);
insert into reviews_for_sitter (order_id, comment, rate) values (14, 'Maecenas tristique, est et tempus semper, est quam pharetra magna, ac consequat metus sapien ut nunc. Vestibulum ante ipsum primis in faucibus orci luctus et ultrices posuere cubilia Curae; Mauris viverra diam vitae quam.', 5);
insert into reviews_for_sitter (order_id, comment, rate) values (15, 'Morbi porttitor lorem id ligula.', 5);
insert into reviews_for_sitter (order_id, comment, rate) values (16, 'Donec posuere metus vitae ipsum. Aliquam non mauris.', 5);
insert into reviews_for_sitter (order_id, comment, rate) values (17, 'Nulla justo. Aliquam quis turpis eget elit sodales scelerisque.', 5);
insert into reviews_for_sitter (order_id, comment, rate) values (18, 'Etiam faucibus cursus urna. Ut tellus.', 3);
insert into reviews_for_sitter (order_id, comment, rate) values (19, 'Nam ultrices, libero non mattis pulvinar, nulla pede ullamcorper augue, a suscipit nulla elit ac nulla.', 4);
insert into reviews_for_sitter (order_id, comment, rate) values (20, 'Nam ultrices, libero non mattis pulvinar, nulla pede ullamcorper augue, a suscipit nulla elit ac nulla.', 5);
insert into reviews_for_sitter (order_id, comment, rate) values (21, 'Nulla justo.', 4);
insert into reviews_for_sitter (order_id, comment, rate) values (22, 'Pellentesque at nulla. Suspendisse potenti.', 5);
insert into reviews_for_sitter (order_id, comment, rate) values (23, 'Integer aliquet, massa id lobortis convallis, tortor risus dapibus augue, vel accumsan tellus nisi eu orci. Mauris lacinia sapien quis libero.', 4);
insert into reviews_for_sitter (order_id, comment, rate) values (24, 'Donec quis orci eget orci vehicula condimentum.', 5);
insert into reviews_for_sitter (order_id, comment, rate) values (25, 'Integer non velit.', 5);
insert into reviews_for_sitter (order_id, comment, rate) values (26, 'Nam nulla.', 4);
insert into reviews_for_sitter (order_id, comment, rate) values (27, 'Proin risus.', 5);
insert into reviews_for_sitter (order_id, comment, rate) values (28, 'Cras pellentesque volutpat dui.', 4);
insert into reviews_for_sitter (order_id, comment, rate) values (29, 'Quisque erat eros, viverra eget, congue eget, semper rutrum, nulla.', 5);
insert into reviews_for_sitter (order_id, comment, rate) values (30, 'Nulla suscipit ligula in lacus. Curabitur at ipsum ac tellus semper interdum.', 5);
insert into reviews_for_sitter (order_id, comment, rate) values (31, 'Vestibulum ante ipsum primis in faucibus orci luctus et ultrices posuere cubilia Curae; Duis faucibus accumsan odio. Curabitur convallis.', 3);
insert into reviews_for_sitter (order_id, comment, rate) values (32, 'Morbi ut odio.', 4);
insert into reviews_for_sitter (order_id, comment, rate) values (33, 'Quisque id justo sit amet sapien dignissim vestibulum. Vestibulum ante ipsum primis in faucibus orci luctus et ultrices posuere cubilia Curae; Nulla dapibus dolor vel est.', 3);
insert into reviews_for_sitter (order_id, comment, rate) values (34, 'Phasellus in felis. Donec semper sapien a libero.', 5);
insert into reviews_for_sitter (order_id, comment, rate) values (35, 'Nam congue, risus semper porta volutpat, quam pede lobortis ligula, sit amet eleifend pede libero quis orci. Nullam molestie nibh in lectus.', 3);
insert into reviews_for_sitter (order_id, comment, rate) values (36, 'Integer aliquet, massa id lobortis convallis, tortor risus dapibus augue, vel accumsan tellus nisi eu orci.', 5);
insert into reviews_for_sitter (order_id, comment, rate) values (37, 'Morbi porttitor lorem id ligula. Suspendisse ornare consequat lectus.', 4);
insert into reviews_for_sitter (order_id, comment, rate) values (38, 'Cum sociis natoque penatibus et magnis dis parturient montes, nascetur ridiculus mus.', 5);
insert into reviews_for_sitter (order_id, comment, rate) values (39, 'Integer tincidunt ante vel ipsum. Praesent blandit lacinia erat.', 5);
insert into reviews_for_sitter (order_id, comment, rate) values (40, 'Aliquam sit amet diam in magna bibendum imperdiet. Nullam orci pede, venenatis non, sodales sed, tincidunt eu, felis.', 4);
insert into reviews_for_sitter (order_id, comment, rate) values (41, 'Nullam porttitor lacus at turpis.', 5);
insert into reviews_for_sitter (order_id, comment, rate) values (42, 'In eleifend quam a odio. In hac habitasse platea dictumst.', 4);
insert into reviews_for_sitter (order_id, comment, rate) values (43, 'Nam congue, risus semper porta volutpat, quam pede lobortis ligula, sit amet eleifend pede libero quis orci. Nullam molestie nibh in lectus.', 3);
insert into reviews_for_sitter (order_id, comment, rate) values (44, 'In quis justo. Maecenas rhoncus aliquam lacus.', 4);
insert into reviews_for_sitter (order_id, comment, rate) values (45, 'In hac habitasse platea dictumst.', 5);
insert into reviews_for_sitter (order_id, comment, rate) values (46, 'Nulla ac enim.', 4);
insert into reviews_for_sitter (order_id, comment, rate) values (47, 'Pellentesque eget nunc. Donec quis orci eget orci vehicula condimentum.', 5);
insert into reviews_for_sitter (order_id, comment, rate) values (48, 'Praesent id massa id nisl venenatis lacinia. Aenean sit amet justo.', 5);
insert into reviews_for_sitter (order_id, comment, rate) values (49, 'Nulla justo. Aliquam quis turpis eget elit sodales scelerisque.', 4);
insert into reviews_for_sitter (order_id, comment, rate) values (50, 'Fusce lacus purus, aliquet at, feugiat non, pretium quis, lectus. Suspendisse potenti.', 3);
insert into reviews_for_sitter (order_id, comment, rate) values (51, 'Donec semper sapien a libero. Nam dui.', 5);
insert into reviews_for_sitter (order_id, comment, rate) values (52, 'Suspendisse potenti.', 5);
insert into reviews_for_sitter (order_id, comment, rate) values (53, 'Duis mattis egestas metus. Aenean fermentum.', 4);
insert into reviews_for_sitter (order_id, comment, rate) values (54, 'Nam dui. Proin leo odio, porttitor id, consequat in, consequat ut, nulla.', 4);
insert into reviews_for_sitter (order_id, comment, rate) values (55, 'Vestibulum sed magna at nunc commodo placerat.', 5);
insert into reviews_for_sitter (order_id, comment, rate) values (56, 'Quisque ut erat. Curabitur gravida nisi at nibh.', 5);
insert into reviews_for_sitter (order_id, comment, rate) values (57, 'Nullam sit amet turpis elementum ligula vehicula consequat. Morbi a ipsum.', 5);
insert into reviews_for_sitter (order_id, comment, rate) values (58, 'Sed ante. Vivamus tortor.', 4);
insert into reviews_for_sitter (order_id, comment, rate) values (59, 'Proin leo odio, porttitor id, consequat in, consequat ut, nulla. Sed accumsan felis.', 5);
insert into reviews_for_sitter (order_id, comment, rate) values (60, 'Duis bibendum. Morbi non quam nec dui luctus rutrum.', 5);
insert into reviews_for_sitter (order_id, comment, rate) values (61, 'Nulla justo. Aliquam quis turpis eget elit sodales scelerisque.', 5);
insert into reviews_for_sitter (order_id, comment, rate) values (62, 'In sagittis dui vel nisl.', 5);
insert into reviews_for_sitter (order_id, comment, rate) values (63, 'Curabitur in libero ut massa volutpat convallis. Morbi odio odio, elementum eu, interdum eu, tincidunt in, leo.', 5);
insert into reviews_for_sitter (order_id, comment, rate) values (64, 'Curabitur in libero ut massa volutpat convallis.', 3);
insert into reviews_for_sitter (order_id, comment, rate) values (65, 'Morbi a ipsum.', 5);
insert into reviews_for_sitter (order_id, comment, rate) values (66, 'Praesent blandit.', 5);
insert into reviews_for_sitter (order_id, comment, rate) values (67, 'Morbi vel lectus in quam fringilla rhoncus.', 5);
insert into reviews_for_sitter (order_id, comment, rate) values (68, 'Nam nulla. Integer pede justo, lacinia eget, tincidunt eget, tempus vel, pede.', 5);
insert into reviews_for_sitter (order_id, comment, rate) values (69, 'Aliquam non mauris.', 4);
insert into reviews_for_sitter (order_id, comment, rate) values (70, 'Cum sociis natoque penatibus et magnis dis parturient montes, nascetur ridiculus mus.', 4);

insert into prices (id, user_id, onekid_onehour, onekid_twohours, onekid_threehours, twokids_onehour, twokids_twohours, twokids_threehours, threekids_onehour, threekids_twohours, threekids_threehours) values (1, 6, 22, 20, 17, 25, 24, 23, 28, 26, 25);
insert into prices (id, user_id, onekid_onehour, onekid_twohours, onekid_threehours, twokids_onehour, twokids_twohours, twokids_threehours, threekids_onehour, threekids_twohours, threekids_threehours) values (2, 7, 19, 18, 17, 24, 23, 23, 28, 26, 25);
insert into prices (id, user_id, onekid_onehour, onekid_twohours, onekid_threehours, twokids_onehour, twokids_twohours, twokids_threehours, threekids_onehour, threekids_twohours, threekids_threehours) values (3, 8, 19, 17, 16, 23, 22, 21, 30, 25, 23);
insert into prices (id, user_id, onekid_onehour, onekid_twohours, onekid_threehours, twokids_onehour, twokids_twohours, twokids_threehours, threekids_onehour, threekids_twohours, threekids_threehours) values (4, 9, 23, 20, 16, 26, 24, 19, 27, 25, 23);
insert into prices (id, user_id, onekid_onehour, onekid_twohours, onekid_threehours, twokids_onehour, twokids_twohours, twokids_threehours, threekids_onehour, threekids_twohours, threekids_threehours) values (5, 10, 18, 17, 16, 27, 25, 23, 25, 24, 23);
insert into prices (id, user_id, onekid_onehour, onekid_twohours, onekid_threehours, twokids_onehour, twokids_twohours, twokids_threehours, threekids_onehour, threekids_twohours, threekids_threehours) values (6, 11, 22, 20, 18, 25, 25, 24, 30, 28, 25);
insert into prices (id, user_id, onekid_onehour, onekid_twohours, onekid_threehours, twokids_onehour, twokids_twohours, twokids_threehours, threekids_onehour, threekids_twohours, threekids_threehours) values (7, 12, 19, 17, 16, 25, 25, 24, 27, 26, 23);
insert into prices (id, user_id, onekid_onehour, onekid_twohours, onekid_threehours, twokids_onehour, twokids_twohours, twokids_threehours, threekids_onehour, threekids_twohours, threekids_threehours) values (8, 13, 21, 20, 18, 25, 23, 23, 28, 27, 23);
insert into prices (id, user_id, onekid_onehour, onekid_twohours, onekid_threehours, twokids_onehour, twokids_twohours, twokids_threehours, threekids_onehour, threekids_twohours, threekids_threehours) values (9, 14, 20, 19, 17, 25, 25, 22, 29, 27, 25);
insert into prices (id, user_id, onekid_onehour, onekid_twohours, onekid_threehours, twokids_onehour, twokids_twohours, twokids_threehours, threekids_onehour, threekids_twohours, threekids_threehours) values (10, 15, 21, 20, 18, 25, 25, 22, 30, 28, 25);
insert into prices (id, user_id, onekid_onehour, onekid_twohours, onekid_threehours, twokids_onehour, twokids_twohours, twokids_threehours, threekids_onehour, threekids_twohours, threekids_threehours) values (11, 16, 22, 20, 19, 21, 21, 20, 30, 27, 26);
insert into prices (id, user_id, onekid_onehour, onekid_twohours, onekid_threehours, twokids_onehour, twokids_twohours, twokids_threehours, threekids_onehour, threekids_twohours, threekids_threehours) values (12, 17, 20, 19, 19, 25, 23, 21, 28, 27, 26);
insert into prices (id, user_id, onekid_onehour, onekid_twohours, onekid_threehours, twokids_onehour, twokids_twohours, twokids_threehours, threekids_onehour, threekids_twohours, threekids_threehours) values (13, 18, 20, 20, 18, 25, 25, 21, 29, 28, 26);

insert into availability (sitter_id, date, start_time, end_time, booked, order_id) values (6, '2021/10/26', '4:00 PM', '6:00 PM', false, null);
insert into availability (sitter_id, date, start_time, end_time, booked, order_id) values (6, '2021/10/27', '5:00 PM', '8:00 PM', true, null);
insert into availability (sitter_id, date, start_time, end_time, booked, order_id) values (6, '2021/10/28', '3:00 PM', '9:00 PM', true, null);
insert into availability (sitter_id, date, start_time, end_time, booked, order_id) values (6, '2021/10/30', '6:00 PM', '8:00 PM', false, null);
insert into availability (sitter_id, date, start_time, end_time, booked, order_id) values (7,'2021/10/30', '18:00', '20:00', FALSE, NULL);
insert into availability (sitter_id, date, start_time, end_time, booked, order_id) values (7,'2021/10/25', '14:00', '17:00', FALSE, NULL);
insert into availability (sitter_id, date, start_time, end_time, booked, order_id) values (7,'2021/10/26', '15:00', '17:00', FALSE, NULL);
insert into availability (sitter_id, date, start_time, end_time, booked, order_id) values (8,'2021/10/28', '16:00', '19:00', FALSE, NULL);
insert into availability (sitter_id, date, start_time, end_time, booked, order_id) values (8,'2021/10/29', '14:00', '17:00', FALSE, NULL);
insert into availability (sitter_id, date, start_time, end_time, booked, order_id) values (8,'2021/10/30', '18:00', '20:00', FALSE, NULL);
insert into availability (sitter_id, date, start_time, end_time, booked, order_id) values (9,'2021/10/25', '15:00', '17:00', FALSE, NULL);
insert into availability (sitter_id, date, start_time, end_time, booked, order_id) values (10,'2021/10/26', '15:00', '17:00', FALSE, NULL);
insert into availability (sitter_id, date, start_time, end_time, booked, order_id) values (10,'2021/10/28', '16:00', '19:00', FALSE, NULL);
insert into availability (sitter_id, date, start_time, end_time, booked, order_id) values (10,'2021/10/29', '10:00', '17:00', FALSE, NULL);
insert into availability (sitter_id, date, start_time, end_time, booked, order_id) values (10,'2021/10/30', '18:00', '20:00', FALSE, NULL);
insert into availability (sitter_id, date, start_time, end_time, booked, order_id) values (11,'2021/10/29', '16:00', '21:00', FALSE, NULL);
insert into availability (sitter_id, date, start_time, end_time, booked, order_id) values (12,'2021/10/30', '15:00', '21:00', FALSE, NULL);
insert into availability (sitter_id, date, start_time, end_time, booked, order_id) values (12,'2021/10/28', '16:00', '19:00', FALSE, NULL);
insert into availability (sitter_id, date, start_time, end_time, booked, order_id) values (13,'2021/10/29', '14:00', '17:00', FALSE, NULL);
insert into availability (sitter_id, date, start_time, end_time, booked, order_id) values (14,'2021/10/30', '18:00', '20:00', FALSE, NULL);
insert into availability (sitter_id, date, start_time, end_time, booked, order_id) values (15,'2021/10/26', '15:00', '17:00', FALSE, NULL);
insert into availability (sitter_id, date, start_time, end_time, booked, order_id) values (15,'2021/10/28', '16:00', '19:00', FALSE, NULL);
insert into availability (sitter_id, date, start_time, end_time, booked, order_id) values (15,'2021/10/29', '12:00', '17:00', FALSE, NULL);
insert into availability (sitter_id, date, start_time, end_time, booked, order_id) values (16,'2021/10/30', '18:00', '20:00', FALSE, NULL);
insert into availability (sitter_id, date, start_time, end_time, booked, order_id) values (16,'2021/10/29', '18:00', '21:00', FALSE, NULL);
insert into availability (sitter_id, date, start_time, end_time, booked, order_id) values (17,'2021/10/30', '15:00', '21:00', FALSE, NULL);
insert into availability (sitter_id, date, start_time, end_time, booked, order_id) values (18,'2021/10/28', '16:00', '19:00', FALSE, NULL);
insert into availability (sitter_id, date, start_time, end_time, booked, order_id) values (18,'2021/10/29', '14:00', '17:00', FALSE, NULL);
insert into availability (sitter_id, date, start_time, end_time, booked, order_id) values (18,'2021/10/30', '18:00', '20:00', FALSE, NULL);
insert into availability (sitter_id, date, start_time, end_time, booked, order_id) values (18,'2021/10/31', '12:00', '16:00', FALSE, NULL);

insert into favourites (id, parent_id, sitter_id) values (1, 1, 6);
insert into favourites (id, parent_id, sitter_id) values (2, 1, 18);
insert into favourites (id, parent_id, sitter_id) values (3, 1, 14);
insert into favourites (id, parent_id, sitter_id) values (4, 1, 11);

insert into users_languages (id, user_id, language_id) values (1, 6, 1);
insert into users_languages (id, user_id, language_id) values (2, 15, 1);
insert into users_languages (id, user_id, language_id) values (3, 8, 4);
insert into users_languages (id, user_id, language_id) values (4, 11, 1);
insert into users_languages (id, user_id, language_id) values (6, 11, 7);
insert into users_languages (id, user_id, language_id) values (7, 13, 1);
insert into users_languages (id, user_id, language_id) values (8, 18, 3);
insert into users_languages (id, user_id, language_id) values (9, 6, 6);
insert into users_languages (id, user_id, language_id) values (11, 18, 1);
insert into users_languages (id, user_id, language_id) values (12, 7, 1);
insert into users_languages (id, user_id, language_id) values (46, 7, 2);
insert into users_languages (id, user_id, language_id) values (47, 12, 2);
insert into users_languages (id, user_id, language_id) values (13, 17, 3);
insert into users_languages (id, user_id, language_id) values (17, 14, 4);
insert into users_languages (id, user_id, language_id) values (19, 13, 6);
insert into users_languages (id, user_id, language_id) values (20, 15, 5);
insert into users_languages (id, user_id, language_id) values (23, 17, 1);
insert into users_languages (id, user_id, language_id) values (24, 9, 5);
insert into users_languages (id, user_id, language_id) values (25, 12, 1);
insert into users_languages (id, user_id, language_id) values (26, 17, 2);
insert into users_languages (id, user_id, language_id) values (28, 8, 1);
insert into users_languages (id, user_id, language_id) values (32, 16, 2);
insert into users_languages (id, user_id, language_id) values (33, 13, 2);
insert into users_languages (id, user_id, language_id) values (34, 16, 1);
insert into users_languages (id, user_id, language_id) values (35, 7, 6);
insert into users_languages (id, user_id, language_id) values (37, 7, 4);
insert into users_languages (id, user_id, language_id) values (38, 14, 5);
insert into users_languages (id, user_id, language_id) values (39, 13, 3);
insert into users_languages (id, user_id, language_id) values (40, 14, 1);
insert into users_languages (id, user_id, language_id) values (41, 10, 1);
insert into users_languages (id, user_id, language_id) values (42, 14, 6);
insert into users_languages (id, user_id, language_id) values (43, 8, 3);
insert into users_languages (id, user_id, language_id) values (44, 17, 4);
insert into users_languages (id, user_id, language_id) values (45, 13, 4);


insert into users_age_groups (id, user_id, age_group_id) values (1, 6, 3);
insert into users_age_groups (id, user_id, age_group_id) values (2, 8, 3);
insert into users_age_groups (id, user_id, age_group_id) values (3, 17, 3);
insert into users_age_groups (id, user_id, age_group_id) values (4, 16, 3);
insert into users_age_groups (id, user_id, age_group_id) values (5, 14, 3);
insert into users_age_groups (id, user_id, age_group_id) values (6, 10, 2);
insert into users_age_groups (id, user_id, age_group_id) values (10, 8, 2);
insert into users_age_groups (id, user_id, age_group_id) values (17, 12, 1);
insert into users_age_groups (id, user_id, age_group_id) values (18, 12, 3);
insert into users_age_groups (id, user_id, age_group_id) values (20, 6, 1);
insert into users_age_groups (id, user_id, age_group_id) values (23, 11, 1);
insert into users_age_groups (id, user_id, age_group_id) values (25, 13, 3);
insert into users_age_groups (id, user_id, age_group_id) values (27, 15, 1);
insert into users_age_groups (id, user_id, age_group_id) values (28, 7, 2);
insert into users_age_groups (id, user_id, age_group_id) values (32, 17, 2);
insert into users_age_groups (id, user_id, age_group_id) values (33, 15, 3);
insert into users_age_groups (id, user_id, age_group_id) values (34, 15, 2);
insert into users_age_groups (id, user_id, age_group_id) values (36, 11, 2);
insert into users_age_groups (id, user_id, age_group_id) values (38, 10, 3);
insert into users_age_groups (id, user_id, age_group_id) values (41, 9, 3);
insert into users_age_groups (id, user_id, age_group_id) values (43, 6, 2);
insert into users_age_groups (id, user_id, age_group_id) values (44, 18, 3);
insert into users_age_groups (id, user_id, age_group_id) values (45, 7, 1);


insert into users_activities (id, user_id, activity_id) values (1, 11, 1);
insert into users_activities (id, user_id, activity_id) values (3, 17, 6);
insert into users_activities (id, user_id, activity_id) values (4, 10, 1);
insert into users_activities (id, user_id, activity_id) values (5, 11, 3);
insert into users_activities (id, user_id, activity_id) values (6, 6, 5);
insert into users_activities (id, user_id, activity_id) values (7, 10, 2);
insert into users_activities (id, user_id, activity_id) values (8, 9, 5);
insert into users_activities (id, user_id, activity_id) values (10, 7, 6);
insert into users_activities (id, user_id, activity_id) values (11, 10, 4);
insert into users_activities (id, user_id, activity_id) values (12, 17, 5);
insert into users_activities (id, user_id, activity_id) values (13, 7, 2);
insert into users_activities (id, user_id, activity_id) values (14, 17, 2);
insert into users_activities (id, user_id, activity_id) values (16, 11, 4);
insert into users_activities (id, user_id, activity_id) values (18, 12, 4);
insert into users_activities (id, user_id, activity_id) values (19, 6, 1);
insert into users_activities (id, user_id, activity_id) values (20, 8, 6);
insert into users_activities (id, user_id, activity_id) values (22, 8, 5);
insert into users_activities (id, user_id, activity_id) values (24, 14, 6);
insert into users_activities (id, user_id, activity_id) values (25, 12, 6);
insert into users_activities (id, user_id, activity_id) values (26, 6, 4);
insert into users_activities (id, user_id, activity_id) values (27, 7, 1);
insert into users_activities (id, user_id, activity_id) values (28, 9, 4);
insert into users_activities (id, user_id, activity_id) values (29, 7, 4);
insert into users_activities (id, user_id, activity_id) values (30, 7, 5);
insert into users_activities (id, user_id, activity_id) values (31, 9, 2);
insert into users_activities (id, user_id, activity_id) values (32, 6, 2);
insert into users_activities (id, user_id, activity_id) values (33, 7, 3);
insert into users_activities (id, user_id, activity_id) values (34, 12, 3);
insert into users_activities (id, user_id, activity_id) values (36, 11, 6);
insert into users_activities (id, user_id, activity_id) values (38, 15, 4);
insert into users_activities (id, user_id, activity_id) values (39, 13, 3);
insert into users_activities (id, user_id, activity_id) values (40, 10, 3);
insert into users_activities (id, user_id, activity_id) values (42, 14, 3);
insert into users_activities (id, user_id, activity_id) values (43, 16, 1);
insert into users_activities (id, user_id, activity_id) values (45, 8, 4);
insert into users_activities (id, user_id, activity_id) values (46, 9, 1);
insert into users_activities (id, user_id, activity_id) values (47, 8, 2);
insert into users_activities (id, user_id, activity_id) values (49, 17, 3);
insert into users_activities (id, user_id, activity_id) values (51, 15, 1);
insert into users_activities (id, user_id, activity_id) values (52, 14, 2);
insert into users_activities (id, user_id, activity_id) values (53, 14, 1);
insert into users_activities (id, user_id, activity_id) values (54, 8, 3);
insert into users_activities (id, user_id, activity_id) values (57, 14, 4);
insert into users_activities (id, user_id, activity_id) values (58, 8, 1);
insert into users_activities (id, user_id, activity_id) values (59, 17, 2);
insert into users_activities (id, user_id, activity_id) values (61, 16, 6);
insert into users_activities (id, user_id, activity_id) values (62, 17, 1);
insert into users_activities (id, user_id, activity_id) values (65, 6, 3);
insert into users_activities (id, user_id, activity_id) values (66, 11, 2);
insert into users_activities (id, user_id, activity_id) values (67, 16, 2);
insert into users_activities (id, user_id, activity_id) values (68, 13, 1);
insert into users_activities (id, user_id, activity_id) values (70, 9, 3);